,movie,year,imdb,metascore,votes,n_imdb
0,Inception,2010,8.8,74,1799695,88.0
1,Shutter Island,2010,8.1,63,983982,81.0
2,Toy Story 3,2010,8.3,92,667157,83.0
3,Black Swan,2010,8.0,79,638580,80.0
4,Iron Man 2,2010,7.0,57,633681,70.0
5,How to Train Your Dragon,2010,8.1,74,595638,81.0
6,The King's Speech,2010,8.0,88,584869,80.0
7,The Social Network,2010,7.7,95,560871,77.0
8,Kick-Ass,2010,7.6,66,491089,76.0
9,Despicable Me,2010,7.7,72,456440,77.0
10,Harry Potter and the Deathly Hallows: Part 1,2010,7.7,65,415351,77.0
11,Tangled,2010,7.8,71,358425,78.0
12,Alice in Wonderland,2010,6.5,53,353451,65.0
13,Scott Pilgrim vs. the World,2010,7.5,69,331928,75.0
14,Easy A,2010,7.1,72,324718,71.0
15,127 Hours,2010,7.6,82,319032,76.0
16,The Town,2010,7.6,74,318372,76.0
17,The Fighter,2010,7.8,79,312613,78.0
18,The Expendables,2010,6.5,45,304315,65.0
19,Due Date,2010,6.6,51,300267,66.0
20,TRON: Legacy,2010,6.8,49,292660,68.0
21,True Grit,2010,7.6,80,279638,76.0
22,Salt,2010,6.4,65,274457,64.0
23,RED,2010,7.1,60,268487,71.0
24,The Book of Eli,2010,6.9,53,267072,69.0
25,Clash of the Titans,2010,5.8,39,253262,58.0
26,Prince of Persia: The Sands of Time,2010,6.6,50,251286,66.0
27,Insidious,2010,6.9,52,249062,69.0
28,Robin Hood,2010,6.7,53,236953,67.0
29,The A-Team,2010,6.8,47,233044,68.0
30,The Other Guys,2010,6.7,64,218263,67.0
31,The Twilight Saga: Eclipse,2010,5.0,58,208612,50.0
32,Grown Ups,2010,6.0,30,207311,60.0
33,The Tourist,2010,6.0,37,204038,60.0
34,Megamind,2010,7.3,63,203939,73.0
35,Predators,2010,6.4,51,197026,64.0
36,Machete,2010,6.6,60,180656,66.0
37,Unstoppable,2010,6.8,69,170865,68.0
38,Knight and Day,2010,6.3,46,168068,63.0
39,Blue Valentine,2010,7.4,81,167676,74.0
40,The Next Three Days,2010,7.4,52,165338,74.0
41,Love & Other Drugs,2010,6.7,55,165204,67.0
42,Shrek Forever After,2010,6.3,58,163980,63.0
43,Percy Jackson & the Olympians: The Lightning Thief,2010,5.9,47,162846,59.0
44,Get Him to the Greek,2010,6.4,65,160290,64.0
45,Hot Tub Time Machine,2010,6.4,63,152544,64.0
46,Inception,2010,8.8,74,1799695,88.0
47,Shutter Island,2010,8.1,63,983982,81.0
48,Toy Story 3,2010,8.3,92,667157,83.0
49,Black Swan,2010,8.0,79,638580,80.0
50,Iron Man 2,2010,7.0,57,633681,70.0
51,How to Train Your Dragon,2010,8.1,74,595638,81.0
52,The King's Speech,2010,8.0,88,584869,80.0
53,The Social Network,2010,7.7,95,560871,77.0
54,Kick-Ass,2010,7.6,66,491089,76.0
55,Despicable Me,2010,7.7,72,456440,77.0
56,Harry Potter and the Deathly Hallows: Part 1,2010,7.7,65,415351,77.0
57,Tangled,2010,7.8,71,358425,78.0
58,Alice in Wonderland,2010,6.5,53,353451,65.0
59,Scott Pilgrim vs. the World,2010,7.5,69,331928,75.0
60,Easy A,2010,7.1,72,324718,71.0
61,127 Hours,2010,7.6,82,319032,76.0
62,The Town,2010,7.6,74,318372,76.0
63,The Fighter,2010,7.8,79,312613,78.0
64,The Expendables,2010,6.5,45,304315,65.0
65,Due Date,2010,6.6,51,300267,66.0
66,TRON: Legacy,2010,6.8,49,292660,68.0
67,True Grit,2010,7.6,80,279638,76.0
68,Salt,2010,6.4,65,274457,64.0
69,RED,2010,7.1,60,268487,71.0
70,The Book of Eli,2010,6.9,53,267072,69.0
71,Clash of the Titans,2010,5.8,39,253262,58.0
72,Prince of Persia: The Sands of Time,2010,6.6,50,251286,66.0
73,Insidious,2010,6.9,52,249062,69.0
74,Robin Hood,2010,6.7,53,236953,67.0
75,The A-Team,2010,6.8,47,233044,68.0
76,The Other Guys,2010,6.7,64,218263,67.0
77,The Twilight Saga: Eclipse,2010,5.0,58,208612,50.0
78,Grown Ups,2010,6.0,30,207311,60.0
79,The Tourist,2010,6.0,37,204038,60.0
80,Megamind,2010,7.3,63,203939,73.0
81,Predators,2010,6.4,51,197026,64.0
82,Machete,2010,6.6,60,180656,66.0
83,Unstoppable,2010,6.8,69,170865,68.0
84,Knight and Day,2010,6.3,46,168068,63.0
85,Blue Valentine,2010,7.4,81,167676,74.0
86,The Next Three Days,2010,7.4,52,165338,74.0
87,Love & Other Drugs,2010,6.7,55,165204,67.0
88,Shrek Forever After,2010,6.3,58,163980,63.0
89,Percy Jackson & the Olympians: The Lightning Thief,2010,5.9,47,162846,59.0
90,Get Him to the Greek,2010,6.4,65,160290,64.0
91,Hot Tub Time Machine,2010,6.4,63,152544,64.0
92,Inception,2010,8.8,74,1799695,88.0
93,Shutter Island,2010,8.1,63,983982,81.0
94,Toy Story 3,2010,8.3,92,667157,83.0
95,Black Swan,2010,8.0,79,638580,80.0
96,Iron Man 2,2010,7.0,57,633681,70.0
97,How to Train Your Dragon,2010,8.1,74,595638,81.0
98,The King's Speech,2010,8.0,88,584869,80.0
99,The Social Network,2010,7.7,95,560871,77.0
100,Kick-Ass,2010,7.6,66,491089,76.0
101,Despicable Me,2010,7.7,72,456440,77.0
102,Harry Potter and the Deathly Hallows: Part 1,2010,7.7,65,415351,77.0
103,Tangled,2010,7.8,71,358425,78.0
104,Alice in Wonderland,2010,6.5,53,353451,65.0
105,Scott Pilgrim vs. the World,2010,7.5,69,331928,75.0
106,Easy A,2010,7.1,72,324718,71.0
107,127 Hours,2010,7.6,82,319032,76.0
108,The Town,2010,7.6,74,318372,76.0
109,The Fighter,2010,7.8,79,312613,78.0
110,The Expendables,2010,6.5,45,304315,65.0
111,Due Date,2010,6.6,51,300267,66.0
112,TRON: Legacy,2010,6.8,49,292660,68.0
113,True Grit,2010,7.6,80,279638,76.0
114,Salt,2010,6.4,65,274457,64.0
115,RED,2010,7.1,60,268487,71.0
116,The Book of Eli,2010,6.9,53,267072,69.0
117,Clash of the Titans,2010,5.8,39,253262,58.0
118,Prince of Persia: The Sands of Time,2010,6.6,50,251286,66.0
119,Insidious,2010,6.9,52,249062,69.0
120,Robin Hood,2010,6.7,53,236953,67.0
121,The A-Team,2010,6.8,47,233044,68.0
122,The Other Guys,2010,6.7,64,218263,67.0
123,The Twilight Saga: Eclipse,2010,5.0,58,208612,50.0
124,Grown Ups,2010,6.0,30,207311,60.0
125,The Tourist,2010,6.0,37,204038,60.0
126,Megamind,2010,7.3,63,203939,73.0
127,Predators,2010,6.4,51,197026,64.0
128,Machete,2010,6.6,60,180656,66.0
129,Unstoppable,2010,6.8,69,170865,68.0
130,Knight and Day,2010,6.3,46,168068,63.0
131,Blue Valentine,2010,7.4,81,167676,74.0
132,The Next Three Days,2010,7.4,52,165338,74.0
133,Love & Other Drugs,2010,6.7,55,165204,67.0
134,Shrek Forever After,2010,6.3,58,163980,63.0
135,Percy Jackson & the Olympians: The Lightning Thief,2010,5.9,47,162846,59.0
136,Get Him to the Greek,2010,6.4,65,160290,64.0
137,Hot Tub Time Machine,2010,6.4,63,152544,64.0
138,Inception,2010,8.8,74,1799695,88.0
139,Shutter Island,2010,8.1,63,983982,81.0
140,Toy Story 3,2010,8.3,92,667157,83.0
141,Black Swan,2010,8.0,79,638580,80.0
142,Iron Man 2,2010,7.0,57,633681,70.0
143,How to Train Your Dragon,2010,8.1,74,595638,81.0
144,The King's Speech,2010,8.0,88,584869,80.0
145,The Social Network,2010,7.7,95,560871,77.0
146,Kick-Ass,2010,7.6,66,491089,76.0
147,Despicable Me,2010,7.7,72,456440,77.0
148,Harry Potter and the Deathly Hallows: Part 1,2010,7.7,65,415351,77.0
149,Tangled,2010,7.8,71,358425,78.0
150,Alice in Wonderland,2010,6.5,53,353451,65.0
151,Scott Pilgrim vs. the World,2010,7.5,69,331928,75.0
152,Easy A,2010,7.1,72,324718,71.0
153,127 Hours,2010,7.6,82,319032,76.0
154,The Town,2010,7.6,74,318372,76.0
155,The Fighter,2010,7.8,79,312613,78.0
156,The Expendables,2010,6.5,45,304315,65.0
157,Due Date,2010,6.6,51,300267,66.0
158,TRON: Legacy,2010,6.8,49,292660,68.0
159,True Grit,2010,7.6,80,279638,76.0
160,Salt,2010,6.4,65,274457,64.0
161,RED,2010,7.1,60,268487,71.0
162,The Book of Eli,2010,6.9,53,267072,69.0
163,Clash of the Titans,2010,5.8,39,253262,58.0
164,Prince of Persia: The Sands of Time,2010,6.6,50,251286,66.0
165,Insidious,2010,6.9,52,249062,69.0
166,Robin Hood,2010,6.7,53,236953,67.0
167,The A-Team,2010,6.8,47,233044,68.0
168,The Other Guys,2010,6.7,64,218263,67.0
169,The Twilight Saga: Eclipse,2010,5.0,58,208612,50.0
170,Grown Ups,2010,6.0,30,207311,60.0
171,The Tourist,2010,6.0,37,204038,60.0
172,Megamind,2010,7.3,63,203939,73.0
173,Predators,2010,6.4,51,197026,64.0
174,Machete,2010,6.6,60,180656,66.0
175,Unstoppable,2010,6.8,69,170865,68.0
176,Knight and Day,2010,6.3,46,168068,63.0
177,Blue Valentine,2010,7.4,81,167676,74.0
178,The Next Three Days,2010,7.4,52,165338,74.0
179,Love & Other Drugs,2010,6.7,55,165204,67.0
180,Shrek Forever After,2010,6.3,58,163980,63.0
181,Percy Jackson & the Olympians: The Lightning Thief,2010,5.9,47,162846,59.0
182,Get Him to the Greek,2010,6.4,65,160290,64.0
183,Hot Tub Time Machine,2010,6.4,63,152544,64.0
184,Harry Potter and the Deathly Hallows: Part 2,2011,8.1,87,678138,81.0
185,The Intouchables,2011,8.5,57,658670,85.0
186,Thor,2011,7.0,57,657742,70.0
187,Captain America: The First Avenger,2011,6.9,66,637116,69.0
188,X-Men: First Class,2011,7.7,65,598227,77.0
189,Drive,2011,7.8,78,513419,78.0
190,Limitless,2011,7.4,59,485122,74.0
191,Rise of the Planet of the Apes,2011,7.6,68,467487,76.0
192,Source Code,2011,7.5,74,445963,75.0
193,Pirates of the Caribbean: On Stranger Tides,2011,6.6,45,440411,66.0
194,"Crazy, Stupid, Love.",2011,7.4,68,431726,74.0
195,The Hangover Part II,2011,6.5,44,426659,65.0
196,Mission: Impossible - Ghost Protocol,2011,7.4,73,422185,74.0
197,Warrior,2011,8.2,71,398258,82.0
198,Horrible Bosses,2011,6.9,57,394467,69.0
199,Sherlock Holmes: A Game of Shadows,2011,7.5,48,388729,75.0
200,The Help,2011,8.1,62,386064,81.0
201,The Girl with the Dragon Tattoo,2011,7.8,71,382537,78.0
202,Transformers: Dark of the Moon,2011,6.3,42,362432,63.0
203,Midnight in Paris,2011,7.7,81,351333,77.0
204,In Time,2011,6.7,53,342101,67.0
205,The Cabin in the Woods,2011,7.0,72,332792,70.0
206,Fast Five,2011,7.3,66,325713,73.0
207,Moneyball,2011,7.6,87,321309,76.0
208,Super 8,2011,7.0,72,317641,70.0
209,Friends with Benefits,2011,6.6,63,312923,66.0
210,50/50,2011,7.7,72,297692,77.0
211,Hugo,2011,7.5,83,281439,75.0
212,Real Steel,2011,7.1,56,281175,71.0
213,Green Lantern,2011,5.5,39,249257,55.0
214,Bridesmaids,2011,6.8,75,246487,68.0
215,Unknown,2011,6.9,56,233045,69.0
216,The Grey,2011,6.8,64,226513,68.0
217,The Adjustment Bureau,2011,7.1,60,225023,71.0
218,Kung Fu Panda 2,2011,7.2,67,223198,72.0
219,The Descendants,2011,7.3,84,221929,73.0
220,Paul,2011,7.0,57,217708,70.0
221,Sucker Punch,2011,6.1,33,216304,61.0
222,I Am Number Four,2011,6.1,36,215514,61.0
223,The Artist,2011,7.9,89,215060,79.0
224,Rango,2011,7.2,75,212441,72.0
225,The Ides of March,2011,7.1,67,205955,71.0
226,The Twilight Saga: Breaking Dawn - Part 1,2011,4.9,45,205429,49.0
227,The Adventures of Tintin,2011,7.3,68,200010,73.0
228,Contagion,2011,6.6,70,199426,66.0
229,Harry Potter and the Deathly Hallows: Part 2,2011,8.1,87,678138,81.0
230,The Intouchables,2011,8.5,57,658670,85.0
231,Thor,2011,7.0,57,657742,70.0
232,Captain America: The First Avenger,2011,6.9,66,637116,69.0
233,X-Men: First Class,2011,7.7,65,598227,77.0
234,Drive,2011,7.8,78,513419,78.0
235,Limitless,2011,7.4,59,485122,74.0
236,Rise of the Planet of the Apes,2011,7.6,68,467487,76.0
237,Source Code,2011,7.5,74,445963,75.0
238,Pirates of the Caribbean: On Stranger Tides,2011,6.6,45,440411,66.0
239,"Crazy, Stupid, Love.",2011,7.4,68,431726,74.0
240,The Hangover Part II,2011,6.5,44,426659,65.0
241,Mission: Impossible - Ghost Protocol,2011,7.4,73,422185,74.0
242,Warrior,2011,8.2,71,398258,82.0
243,Horrible Bosses,2011,6.9,57,394467,69.0
244,Sherlock Holmes: A Game of Shadows,2011,7.5,48,388729,75.0
245,The Help,2011,8.1,62,386064,81.0
246,The Girl with the Dragon Tattoo,2011,7.8,71,382537,78.0
247,Transformers: Dark of the Moon,2011,6.3,42,362432,63.0
248,Midnight in Paris,2011,7.7,81,351333,77.0
249,In Time,2011,6.7,53,342101,67.0
250,The Cabin in the Woods,2011,7.0,72,332792,70.0
251,Fast Five,2011,7.3,66,325713,73.0
252,Moneyball,2011,7.6,87,321309,76.0
253,Super 8,2011,7.0,72,317641,70.0
254,Friends with Benefits,2011,6.6,63,312923,66.0
255,50/50,2011,7.7,72,297692,77.0
256,Hugo,2011,7.5,83,281439,75.0
257,Real Steel,2011,7.1,56,281175,71.0
258,Green Lantern,2011,5.5,39,249257,55.0
259,Bridesmaids,2011,6.8,75,246487,68.0
260,Unknown,2011,6.9,56,233045,69.0
261,The Grey,2011,6.8,64,226513,68.0
262,The Adjustment Bureau,2011,7.1,60,225023,71.0
263,Kung Fu Panda 2,2011,7.2,67,223198,72.0
264,The Descendants,2011,7.3,84,221929,73.0
265,Paul,2011,7.0,57,217708,70.0
266,Sucker Punch,2011,6.1,33,216304,61.0
267,I Am Number Four,2011,6.1,36,215514,61.0
268,The Artist,2011,7.9,89,215060,79.0
269,Rango,2011,7.2,75,212441,72.0
270,The Ides of March,2011,7.1,67,205955,71.0
271,The Twilight Saga: Breaking Dawn - Part 1,2011,4.9,45,205429,49.0
272,The Adventures of Tintin,2011,7.3,68,200010,73.0
273,Contagion,2011,6.6,70,199426,66.0
274,Harry Potter and the Deathly Hallows: Part 2,2011,8.1,87,678138,81.0
275,The Intouchables,2011,8.5,57,658670,85.0
276,Thor,2011,7.0,57,657742,70.0
277,Captain America: The First Avenger,2011,6.9,66,637116,69.0
278,X-Men: First Class,2011,7.7,65,598227,77.0
279,Drive,2011,7.8,78,513419,78.0
280,Limitless,2011,7.4,59,485122,74.0
281,Rise of the Planet of the Apes,2011,7.6,68,467487,76.0
282,Source Code,2011,7.5,74,445963,75.0
283,Pirates of the Caribbean: On Stranger Tides,2011,6.6,45,440411,66.0
284,"Crazy, Stupid, Love.",2011,7.4,68,431726,74.0
285,The Hangover Part II,2011,6.5,44,426659,65.0
286,Mission: Impossible - Ghost Protocol,2011,7.4,73,422185,74.0
287,Warrior,2011,8.2,71,398258,82.0
288,Horrible Bosses,2011,6.9,57,394467,69.0
289,Sherlock Holmes: A Game of Shadows,2011,7.5,48,388729,75.0
290,The Help,2011,8.1,62,386064,81.0
291,The Girl with the Dragon Tattoo,2011,7.8,71,382537,78.0
292,Transformers: Dark of the Moon,2011,6.3,42,362432,63.0
293,Midnight in Paris,2011,7.7,81,351333,77.0
294,In Time,2011,6.7,53,342101,67.0
295,The Cabin in the Woods,2011,7.0,72,332792,70.0
296,Fast Five,2011,7.3,66,325713,73.0
297,Moneyball,2011,7.6,87,321309,76.0
298,Super 8,2011,7.0,72,317641,70.0
299,Friends with Benefits,2011,6.6,63,312923,66.0
300,50/50,2011,7.7,72,297692,77.0
301,Hugo,2011,7.5,83,281439,75.0
302,Real Steel,2011,7.1,56,281175,71.0
303,Green Lantern,2011,5.5,39,249257,55.0
304,Bridesmaids,2011,6.8,75,246487,68.0
305,Unknown,2011,6.9,56,233045,69.0
306,The Grey,2011,6.8,64,226513,68.0
307,The Adjustment Bureau,2011,7.1,60,225023,71.0
308,Kung Fu Panda 2,2011,7.2,67,223198,72.0
309,The Descendants,2011,7.3,84,221929,73.0
310,Paul,2011,7.0,57,217708,70.0
311,Sucker Punch,2011,6.1,33,216304,61.0
312,I Am Number Four,2011,6.1,36,215514,61.0
313,The Artist,2011,7.9,89,215060,79.0
314,Rango,2011,7.2,75,212441,72.0
315,The Ides of March,2011,7.1,67,205955,71.0
316,The Twilight Saga: Breaking Dawn - Part 1,2011,4.9,45,205429,49.0
317,The Adventures of Tintin,2011,7.3,68,200010,73.0
318,Contagion,2011,6.6,70,199426,66.0
319,Harry Potter and the Deathly Hallows: Part 2,2011,8.1,87,678138,81.0
320,The Intouchables,2011,8.5,57,658670,85.0
321,Thor,2011,7.0,57,657742,70.0
322,Captain America: The First Avenger,2011,6.9,66,637116,69.0
323,X-Men: First Class,2011,7.7,65,598227,77.0
324,Drive,2011,7.8,78,513419,78.0
325,Limitless,2011,7.4,59,485122,74.0
326,Rise of the Planet of the Apes,2011,7.6,68,467487,76.0
327,Source Code,2011,7.5,74,445963,75.0
328,Pirates of the Caribbean: On Stranger Tides,2011,6.6,45,440411,66.0
329,"Crazy, Stupid, Love.",2011,7.4,68,431726,74.0
330,The Hangover Part II,2011,6.5,44,426659,65.0
331,Mission: Impossible - Ghost Protocol,2011,7.4,73,422185,74.0
332,Warrior,2011,8.2,71,398258,82.0
333,Horrible Bosses,2011,6.9,57,394467,69.0
334,Sherlock Holmes: A Game of Shadows,2011,7.5,48,388729,75.0
335,The Help,2011,8.1,62,386064,81.0
336,The Girl with the Dragon Tattoo,2011,7.8,71,382537,78.0
337,Transformers: Dark of the Moon,2011,6.3,42,362432,63.0
338,Midnight in Paris,2011,7.7,81,351333,77.0
339,In Time,2011,6.7,53,342101,67.0
340,The Cabin in the Woods,2011,7.0,72,332792,70.0
341,Fast Five,2011,7.3,66,325713,73.0
342,Moneyball,2011,7.6,87,321309,76.0
343,Super 8,2011,7.0,72,317641,70.0
344,Friends with Benefits,2011,6.6,63,312923,66.0
345,50/50,2011,7.7,72,297692,77.0
346,Hugo,2011,7.5,83,281439,75.0
347,Real Steel,2011,7.1,56,281175,71.0
348,Green Lantern,2011,5.5,39,249257,55.0
349,Bridesmaids,2011,6.8,75,246487,68.0
350,Unknown,2011,6.9,56,233045,69.0
351,The Grey,2011,6.8,64,226513,68.0
352,The Adjustment Bureau,2011,7.1,60,225023,71.0
353,Kung Fu Panda 2,2011,7.2,67,223198,72.0
354,The Descendants,2011,7.3,84,221929,73.0
355,Paul,2011,7.0,57,217708,70.0
356,Sucker Punch,2011,6.1,33,216304,61.0
357,I Am Number Four,2011,6.1,36,215514,61.0
358,The Artist,2011,7.9,89,215060,79.0
359,Rango,2011,7.2,75,212441,72.0
360,The Ides of March,2011,7.1,67,205955,71.0
361,The Twilight Saga: Breaking Dawn - Part 1,2011,4.9,45,205429,49.0
362,The Adventures of Tintin,2011,7.3,68,200010,73.0
363,Contagion,2011,6.6,70,199426,66.0
364,The Dark Knight Rises,2012,8.4,78,1361582,84.0
365,Django Unchained,2012,8.4,81,1184449,84.0
366,The Avengers,2012,8.1,69,1149602,81.0
367,The Hunger Games,2012,7.2,68,786116,72.0
368,The Hobbit: An Unexpected Journey,2012,7.9,58,712476,79.0
369,Silver Linings Playbook,2012,7.7,81,613832,77.0
370,Skyfall,2012,7.8,81,585725,78.0
371,Prometheus,2012,7.0,64,532734,70.0
372,Ted,2012,6.9,62,531643,69.0
373,Argo,2012,7.7,86,527836,77.0
374,Life of Pi,2012,7.9,79,525112,79.0
375,The Amazing Spider-Man,2012,7.0,66,517059,70.0
376,Looper,2012,7.4,84,493725,74.0
377,21 Jump Street,2012,7.2,69,470883,72.0
378,The Perks of Being a Wallflower,2012,8.0,67,416943,80.0
379,Wreck-It Ralph,2012,7.7,72,333746,77.0
380,Brave,2012,7.1,69,331566,71.0
381,Cloud Atlas,2012,7.4,55,323136,74.0
382,Men in Black 3,2012,6.8,58,303926,68.0
383,Flight,2012,7.3,76,299084,73.0
384,Moonrise Kingdom,2012,7.8,84,287237,78.0
385,Les Misérables,2012,7.6,63,282043,76.0
386,Jack Reacher,2012,7.0,50,280399,70.0
387,The Expendables 2,2012,6.6,51,274623,66.0
388,Taken 2,2012,6.3,45,269846,63.0
389,The Bourne Legacy,2012,6.7,61,265306,67.0
390,Snow White and the Huntsman,2012,6.1,57,256075,61.0
391,Pitch Perfect,2012,7.2,66,252198,72.0
392,The Dictator,2012,6.4,58,247085,64.0
393,Zero Dark Thirty,2012,7.4,95,246991,74.0
394,John Carter,2012,6.6,51,236368,66.0
395,The Hunt,2012,8.3,77,235152,83.0
396,Dredd,2012,7.1,60,231902,71.0
397,Chronicle,2012,7.1,69,227120,71.0
398,Dark Shadows,2012,6.2,55,226456,62.0
399,Total Recall,2012,6.3,43,225976,63.0
400,Lincoln,2012,7.4,86,225938,74.0
401,Battleship,2012,5.8,41,223568,58.0
402,The Place Beyond the Pines,2012,7.3,68,223386,73.0
403,Seven Psychopaths,2012,7.2,66,220331,72.0
404,The Twilight Saga: Breaking Dawn - Part 2,2012,5.5,52,211917,55.0
405,Lawless,2012,7.3,58,211739,73.0
406,End of Watch,2012,7.6,68,208785,76.0
407,Hotel Transylvania,2012,7.1,47,200964,71.0
408,Sinister,2012,6.8,53,194798,68.0
409,American Reunion,2012,6.7,49,189988,67.0
410,Safe House,2012,6.8,52,189707,68.0
411,Project X,2012,6.7,48,175731,67.0
412,The Impossible,2012,7.6,73,174458,76.0
413,The Dark Knight Rises,2012,8.4,78,1361582,84.0
414,Django Unchained,2012,8.4,81,1184449,84.0
415,The Avengers,2012,8.1,69,1149602,81.0
416,The Hunger Games,2012,7.2,68,786116,72.0
417,The Hobbit: An Unexpected Journey,2012,7.9,58,712476,79.0
418,Silver Linings Playbook,2012,7.7,81,613832,77.0
419,Skyfall,2012,7.8,81,585725,78.0
420,Prometheus,2012,7.0,64,532734,70.0
421,Ted,2012,6.9,62,531643,69.0
422,Argo,2012,7.7,86,527836,77.0
423,Life of Pi,2012,7.9,79,525112,79.0
424,The Amazing Spider-Man,2012,7.0,66,517059,70.0
425,Looper,2012,7.4,84,493725,74.0
426,21 Jump Street,2012,7.2,69,470883,72.0
427,The Perks of Being a Wallflower,2012,8.0,67,416943,80.0
428,Wreck-It Ralph,2012,7.7,72,333746,77.0
429,Brave,2012,7.1,69,331566,71.0
430,Cloud Atlas,2012,7.4,55,323136,74.0
431,Men in Black 3,2012,6.8,58,303926,68.0
432,Flight,2012,7.3,76,299084,73.0
433,Moonrise Kingdom,2012,7.8,84,287237,78.0
434,Les Misérables,2012,7.6,63,282043,76.0
435,Jack Reacher,2012,7.0,50,280399,70.0
436,The Expendables 2,2012,6.6,51,274623,66.0
437,Taken 2,2012,6.3,45,269846,63.0
438,The Bourne Legacy,2012,6.7,61,265306,67.0
439,Snow White and the Huntsman,2012,6.1,57,256075,61.0
440,Pitch Perfect,2012,7.2,66,252198,72.0
441,The Dictator,2012,6.4,58,247085,64.0
442,Zero Dark Thirty,2012,7.4,95,246991,74.0
443,John Carter,2012,6.6,51,236368,66.0
444,The Hunt,2012,8.3,77,235152,83.0
445,Dredd,2012,7.1,60,231902,71.0
446,Chronicle,2012,7.1,69,227120,71.0
447,Dark Shadows,2012,6.2,55,226456,62.0
448,Total Recall,2012,6.3,43,225976,63.0
449,Lincoln,2012,7.4,86,225938,74.0
450,Battleship,2012,5.8,41,223568,58.0
451,The Place Beyond the Pines,2012,7.3,68,223386,73.0
452,Seven Psychopaths,2012,7.2,66,220331,72.0
453,The Twilight Saga: Breaking Dawn - Part 2,2012,5.5,52,211917,55.0
454,Lawless,2012,7.3,58,211739,73.0
455,End of Watch,2012,7.6,68,208785,76.0
456,Hotel Transylvania,2012,7.1,47,200964,71.0
457,Sinister,2012,6.8,53,194798,68.0
458,American Reunion,2012,6.7,49,189988,67.0
459,Safe House,2012,6.8,52,189707,68.0
460,Project X,2012,6.7,48,175731,67.0
461,The Impossible,2012,7.6,73,174458,76.0
462,The Dark Knight Rises,2012,8.4,78,1361582,84.0
463,Django Unchained,2012,8.4,81,1184449,84.0
464,The Avengers,2012,8.1,69,1149602,81.0
465,The Hunger Games,2012,7.2,68,786116,72.0
466,The Hobbit: An Unexpected Journey,2012,7.9,58,712476,79.0
467,Silver Linings Playbook,2012,7.7,81,613832,77.0
468,Skyfall,2012,7.8,81,585725,78.0
469,Prometheus,2012,7.0,64,532734,70.0
470,Ted,2012,6.9,62,531643,69.0
471,Argo,2012,7.7,86,527836,77.0
472,Life of Pi,2012,7.9,79,525112,79.0
473,The Amazing Spider-Man,2012,7.0,66,517059,70.0
474,Looper,2012,7.4,84,493725,74.0
475,21 Jump Street,2012,7.2,69,470883,72.0
476,The Perks of Being a Wallflower,2012,8.0,67,416943,80.0
477,Wreck-It Ralph,2012,7.7,72,333746,77.0
478,Brave,2012,7.1,69,331566,71.0
479,Cloud Atlas,2012,7.4,55,323136,74.0
480,Men in Black 3,2012,6.8,58,303926,68.0
481,Flight,2012,7.3,76,299084,73.0
482,Moonrise Kingdom,2012,7.8,84,287237,78.0
483,Les Misérables,2012,7.6,63,282043,76.0
484,Jack Reacher,2012,7.0,50,280399,70.0
485,The Expendables 2,2012,6.6,51,274623,66.0
486,Taken 2,2012,6.3,45,269846,63.0
487,The Bourne Legacy,2012,6.7,61,265306,67.0
488,Snow White and the Huntsman,2012,6.1,57,256075,61.0
489,Pitch Perfect,2012,7.2,66,252198,72.0
490,The Dictator,2012,6.4,58,247085,64.0
491,Zero Dark Thirty,2012,7.4,95,246991,74.0
492,John Carter,2012,6.6,51,236368,66.0
493,The Hunt,2012,8.3,77,235152,83.0
494,Dredd,2012,7.1,60,231902,71.0
495,Chronicle,2012,7.1,69,227120,71.0
496,Dark Shadows,2012,6.2,55,226456,62.0
497,Total Recall,2012,6.3,43,225976,63.0
498,Lincoln,2012,7.4,86,225938,74.0
499,Battleship,2012,5.8,41,223568,58.0
500,The Place Beyond the Pines,2012,7.3,68,223386,73.0
501,Seven Psychopaths,2012,7.2,66,220331,72.0
502,The Twilight Saga: Breaking Dawn - Part 2,2012,5.5,52,211917,55.0
503,Lawless,2012,7.3,58,211739,73.0
504,End of Watch,2012,7.6,68,208785,76.0
505,Hotel Transylvania,2012,7.1,47,200964,71.0
506,Sinister,2012,6.8,53,194798,68.0
507,American Reunion,2012,6.7,49,189988,67.0
508,Safe House,2012,6.8,52,189707,68.0
509,Project X,2012,6.7,48,175731,67.0
510,The Impossible,2012,7.6,73,174458,76.0
511,The Dark Knight Rises,2012,8.4,78,1361582,84.0
512,Django Unchained,2012,8.4,81,1184449,84.0
513,The Avengers,2012,8.1,69,1149602,81.0
514,The Hunger Games,2012,7.2,68,786116,72.0
515,The Hobbit: An Unexpected Journey,2012,7.9,58,712476,79.0
516,Silver Linings Playbook,2012,7.7,81,613832,77.0
517,Skyfall,2012,7.8,81,585725,78.0
518,Prometheus,2012,7.0,64,532734,70.0
519,Ted,2012,6.9,62,531643,69.0
520,Argo,2012,7.7,86,527836,77.0
521,Life of Pi,2012,7.9,79,525112,79.0
522,The Amazing Spider-Man,2012,7.0,66,517059,70.0
523,Looper,2012,7.4,84,493725,74.0
524,21 Jump Street,2012,7.2,69,470883,72.0
525,The Perks of Being a Wallflower,2012,8.0,67,416943,80.0
526,Wreck-It Ralph,2012,7.7,72,333746,77.0
527,Brave,2012,7.1,69,331566,71.0
528,Cloud Atlas,2012,7.4,55,323136,74.0
529,Men in Black 3,2012,6.8,58,303926,68.0
530,Flight,2012,7.3,76,299084,73.0
531,Moonrise Kingdom,2012,7.8,84,287237,78.0
532,Les Misérables,2012,7.6,63,282043,76.0
533,Jack Reacher,2012,7.0,50,280399,70.0
534,The Expendables 2,2012,6.6,51,274623,66.0
535,Taken 2,2012,6.3,45,269846,63.0
536,The Bourne Legacy,2012,6.7,61,265306,67.0
537,Snow White and the Huntsman,2012,6.1,57,256075,61.0
538,Pitch Perfect,2012,7.2,66,252198,72.0
539,The Dictator,2012,6.4,58,247085,64.0
540,Zero Dark Thirty,2012,7.4,95,246991,74.0
541,John Carter,2012,6.6,51,236368,66.0
542,The Hunt,2012,8.3,77,235152,83.0
543,Dredd,2012,7.1,60,231902,71.0
544,Chronicle,2012,7.1,69,227120,71.0
545,Dark Shadows,2012,6.2,55,226456,62.0
546,Total Recall,2012,6.3,43,225976,63.0
547,Lincoln,2012,7.4,86,225938,74.0
548,Battleship,2012,5.8,41,223568,58.0
549,The Place Beyond the Pines,2012,7.3,68,223386,73.0
550,Seven Psychopaths,2012,7.2,66,220331,72.0
551,The Twilight Saga: Breaking Dawn - Part 2,2012,5.5,52,211917,55.0
552,Lawless,2012,7.3,58,211739,73.0
553,End of Watch,2012,7.6,68,208785,76.0
554,Hotel Transylvania,2012,7.1,47,200964,71.0
555,Sinister,2012,6.8,53,194798,68.0
556,American Reunion,2012,6.7,49,189988,67.0
557,Safe House,2012,6.8,52,189707,68.0
558,Project X,2012,6.7,48,175731,67.0
559,The Impossible,2012,7.6,73,174458,76.0
560,The Wolf of Wall Street,2013,8.2,75,1010016,82.0
561,Gravity,2013,7.7,96,696061,77.0
562,Iron Man 3,2013,7.2,62,668687,72.0
563,Man of Steel,2013,7.1,55,636367,71.0
564,The Hunger Games: Catching Fire,2013,7.5,76,567635,75.0
565,12 Years a Slave,2013,8.1,96,565827,81.0
566,The Hobbit: The Desolation of Smaug,2013,7.8,66,558271,78.0
567,World War Z,2013,7.0,63,544762,70.0
568,Now You See Me,2013,7.3,50,544262,73.0
569,Thor: The Dark World,2013,7.0,54,519624,70.0
570,Prisoners,2013,8.1,74,514497,81.0
571,Frozen,2013,7.5,74,507325,75.0
572,Her,2013,8.0,90,455554,80.0
573,Oblivion,2013,7.0,54,446764,70.0
574,Star Trek Into Darkness,2013,7.7,72,441925,77.0
575,Pacific Rim,2013,6.9,65,438244,69.0
576,The Great Gatsby,2013,7.3,55,425314,73.0
577,American Hustle,2013,7.2,90,412847,72.0
578,Dallas Buyers Club,2013,8.0,84,396291,80.0
579,The Wolverine,2013,6.7,61,393240,67.0
580,Elysium,2013,6.6,61,390269,66.0
581,The Conjuring,2013,7.5,68,387033,75.0
582,Rush,2013,8.1,75,385514,81.0
583,Captain Phillips,2013,7.8,83,381462,78.0
584,We're the Millers,2013,7.0,44,366627,70.0
585,This Is the End,2013,6.6,67,355770,66.0
586,Fast & Furious 6,2013,7.1,61,342558,71.0
587,Despicable Me 2,2013,7.4,62,338268,74.0
588,Monsters University,2013,7.3,65,286206,73.0
589,The Secret Life of Walter Mitty,2013,7.3,54,272149,73.0
590,The Hangover Part III,2013,5.8,30,265652,58.0
591,About Time,2013,7.8,55,254239,78.0
592,Lone Survivor,2013,7.5,60,243004,75.0
593,Kick-Ass 2,2013,6.6,41,234478,66.0
594,Olympus Has Fallen,2013,6.5,41,232239,65.0
595,Snowpiercer,2013,7.1,84,231500,71.0
596,The World's End,2013,7.0,81,228522,70.0
597,Don Jon,2013,6.6,66,213885,66.0
598,Ender's Game,2013,6.6,51,209027,66.0
599,Escape Plan,2013,6.7,49,208685,67.0
600,Warm Bodies,2013,6.9,60,206619,69.0
601,The Lone Ranger,2013,6.4,37,206409,64.0
602,Gangster Squad,2013,6.7,40,193384,67.0
603,Oz the Great and Powerful,2013,6.3,44,190673,63.0
604,White House Down,2013,6.4,52,189213,64.0
605,The Wolf of Wall Street,2013,8.2,75,1010016,82.0
606,Gravity,2013,7.7,96,696061,77.0
607,Iron Man 3,2013,7.2,62,668687,72.0
608,Man of Steel,2013,7.1,55,636367,71.0
609,The Hunger Games: Catching Fire,2013,7.5,76,567635,75.0
610,12 Years a Slave,2013,8.1,96,565827,81.0
611,The Hobbit: The Desolation of Smaug,2013,7.8,66,558271,78.0
612,World War Z,2013,7.0,63,544762,70.0
613,Now You See Me,2013,7.3,50,544262,73.0
614,Thor: The Dark World,2013,7.0,54,519624,70.0
615,Prisoners,2013,8.1,74,514497,81.0
616,Frozen,2013,7.5,74,507325,75.0
617,Her,2013,8.0,90,455554,80.0
618,Oblivion,2013,7.0,54,446764,70.0
619,Star Trek Into Darkness,2013,7.7,72,441925,77.0
620,Pacific Rim,2013,6.9,65,438244,69.0
621,The Great Gatsby,2013,7.3,55,425314,73.0
622,American Hustle,2013,7.2,90,412847,72.0
623,Dallas Buyers Club,2013,8.0,84,396291,80.0
624,The Wolverine,2013,6.7,61,393240,67.0
625,Elysium,2013,6.6,61,390269,66.0
626,The Conjuring,2013,7.5,68,387033,75.0
627,Rush,2013,8.1,75,385514,81.0
628,Captain Phillips,2013,7.8,83,381462,78.0
629,We're the Millers,2013,7.0,44,366627,70.0
630,This Is the End,2013,6.6,67,355770,66.0
631,Fast & Furious 6,2013,7.1,61,342558,71.0
632,Despicable Me 2,2013,7.4,62,338268,74.0
633,Monsters University,2013,7.3,65,286206,73.0
634,The Secret Life of Walter Mitty,2013,7.3,54,272149,73.0
635,The Hangover Part III,2013,5.8,30,265652,58.0
636,About Time,2013,7.8,55,254239,78.0
637,Lone Survivor,2013,7.5,60,243004,75.0
638,Kick-Ass 2,2013,6.6,41,234478,66.0
639,Olympus Has Fallen,2013,6.5,41,232239,65.0
640,Snowpiercer,2013,7.1,84,231500,71.0
641,The World's End,2013,7.0,81,228522,70.0
642,Don Jon,2013,6.6,66,213885,66.0
643,Ender's Game,2013,6.6,51,209027,66.0
644,Escape Plan,2013,6.7,49,208685,67.0
645,Warm Bodies,2013,6.9,60,206619,69.0
646,The Lone Ranger,2013,6.4,37,206409,64.0
647,Gangster Squad,2013,6.7,40,193384,67.0
648,Oz the Great and Powerful,2013,6.3,44,190673,63.0
649,White House Down,2013,6.4,52,189213,64.0
650,The Wolf of Wall Street,2013,8.2,75,1010016,82.0
651,Gravity,2013,7.7,96,696061,77.0
652,Iron Man 3,2013,7.2,62,668687,72.0
653,Man of Steel,2013,7.1,55,636367,71.0
654,The Hunger Games: Catching Fire,2013,7.5,76,567635,75.0
655,12 Years a Slave,2013,8.1,96,565827,81.0
656,The Hobbit: The Desolation of Smaug,2013,7.8,66,558271,78.0
657,World War Z,2013,7.0,63,544762,70.0
658,Now You See Me,2013,7.3,50,544262,73.0
659,Thor: The Dark World,2013,7.0,54,519624,70.0
660,Prisoners,2013,8.1,74,514497,81.0
661,Frozen,2013,7.5,74,507325,75.0
662,Her,2013,8.0,90,455554,80.0
663,Oblivion,2013,7.0,54,446764,70.0
664,Star Trek Into Darkness,2013,7.7,72,441925,77.0
665,Pacific Rim,2013,6.9,65,438244,69.0
666,The Great Gatsby,2013,7.3,55,425314,73.0
667,American Hustle,2013,7.2,90,412847,72.0
668,Dallas Buyers Club,2013,8.0,84,396291,80.0
669,The Wolverine,2013,6.7,61,393240,67.0
670,Elysium,2013,6.6,61,390269,66.0
671,The Conjuring,2013,7.5,68,387033,75.0
672,Rush,2013,8.1,75,385514,81.0
673,Captain Phillips,2013,7.8,83,381462,78.0
674,We're the Millers,2013,7.0,44,366627,70.0
675,This Is the End,2013,6.6,67,355770,66.0
676,Fast & Furious 6,2013,7.1,61,342558,71.0
677,Despicable Me 2,2013,7.4,62,338268,74.0
678,Monsters University,2013,7.3,65,286206,73.0
679,The Secret Life of Walter Mitty,2013,7.3,54,272149,73.0
680,The Hangover Part III,2013,5.8,30,265652,58.0
681,About Time,2013,7.8,55,254239,78.0
682,Lone Survivor,2013,7.5,60,243004,75.0
683,Kick-Ass 2,2013,6.6,41,234478,66.0
684,Olympus Has Fallen,2013,6.5,41,232239,65.0
685,Snowpiercer,2013,7.1,84,231500,71.0
686,The World's End,2013,7.0,81,228522,70.0
687,Don Jon,2013,6.6,66,213885,66.0
688,Ender's Game,2013,6.6,51,209027,66.0
689,Escape Plan,2013,6.7,49,208685,67.0
690,Warm Bodies,2013,6.9,60,206619,69.0
691,The Lone Ranger,2013,6.4,37,206409,64.0
692,Gangster Squad,2013,6.7,40,193384,67.0
693,Oz the Great and Powerful,2013,6.3,44,190673,63.0
694,White House Down,2013,6.4,52,189213,64.0
695,The Wolf of Wall Street,2013,8.2,75,1010016,82.0
696,Gravity,2013,7.7,96,696061,77.0
697,Iron Man 3,2013,7.2,62,668687,72.0
698,Man of Steel,2013,7.1,55,636367,71.0
699,The Hunger Games: Catching Fire,2013,7.5,76,567635,75.0
700,12 Years a Slave,2013,8.1,96,565827,81.0
701,The Hobbit: The Desolation of Smaug,2013,7.8,66,558271,78.0
702,World War Z,2013,7.0,63,544762,70.0
703,Now You See Me,2013,7.3,50,544262,73.0
704,Thor: The Dark World,2013,7.0,54,519624,70.0
705,Prisoners,2013,8.1,74,514497,81.0
706,Frozen,2013,7.5,74,507325,75.0
707,Her,2013,8.0,90,455554,80.0
708,Oblivion,2013,7.0,54,446764,70.0
709,Star Trek Into Darkness,2013,7.7,72,441925,77.0
710,Pacific Rim,2013,6.9,65,438244,69.0
711,The Great Gatsby,2013,7.3,55,425314,73.0
712,American Hustle,2013,7.2,90,412847,72.0
713,Dallas Buyers Club,2013,8.0,84,396291,80.0
714,The Wolverine,2013,6.7,61,393240,67.0
715,Elysium,2013,6.6,61,390269,66.0
716,The Conjuring,2013,7.5,68,387033,75.0
717,Rush,2013,8.1,75,385514,81.0
718,Captain Phillips,2013,7.8,83,381462,78.0
719,We're the Millers,2013,7.0,44,366627,70.0
720,This Is the End,2013,6.6,67,355770,66.0
721,Fast & Furious 6,2013,7.1,61,342558,71.0
722,Despicable Me 2,2013,7.4,62,338268,74.0
723,Monsters University,2013,7.3,65,286206,73.0
724,The Secret Life of Walter Mitty,2013,7.3,54,272149,73.0
725,The Hangover Part III,2013,5.8,30,265652,58.0
726,About Time,2013,7.8,55,254239,78.0
727,Lone Survivor,2013,7.5,60,243004,75.0
728,Kick-Ass 2,2013,6.6,41,234478,66.0
729,Olympus Has Fallen,2013,6.5,41,232239,65.0
730,Snowpiercer,2013,7.1,84,231500,71.0
731,The World's End,2013,7.0,81,228522,70.0
732,Don Jon,2013,6.6,66,213885,66.0
733,Ender's Game,2013,6.6,51,209027,66.0
734,Escape Plan,2013,6.7,49,208685,67.0
735,Warm Bodies,2013,6.9,60,206619,69.0
736,The Lone Ranger,2013,6.4,37,206409,64.0
737,Gangster Squad,2013,6.7,40,193384,67.0
738,Oz the Great and Powerful,2013,6.3,44,190673,63.0
739,White House Down,2013,6.4,52,189213,64.0
740,Interstellar,2014,8.6,74,1260178,86.0
741,Guardians of the Galaxy,2014,8.1,76,909491,81.0
742,Gone Girl,2014,8.1,79,744839,81.0
743,Captain America: The Winter Soldier,2014,7.8,70,637435,78.0
744,The Grand Budapest Hotel,2014,8.1,88,620793,81.0
745,X-Men: Days of Future Past,2014,8.0,75,607538,80.0
746,The Imitation Game,2014,8.0,73,606173,80.0
747,Whiplash,2014,8.5,88,596604,85.0
748,Edge of Tomorrow,2014,7.9,71,536230,79.0
749,Kingsman: The Secret Service,2014,7.7,60,533512,77.0
750,Birdman or (The Unexpected Virtue of Ignorance),2014,7.7,88,507863,77.0
751,The Hobbit: The Battle of the Five Armies,2014,7.4,59,431173,74.0
752,John Wick,2014,7.3,68,418218,73.0
753,Ex Machina,2014,7.7,78,413878,77.0
754,Lucy,2014,6.4,61,395561,64.0
755,Nightcrawler,2014,7.9,76,394875,79.0
756,American Sniper,2014,7.3,72,394677,73.0
757,Divergent,2014,6.7,48,394426,67.0
758,Dawn of the Planet of the Apes,2014,7.6,79,384705,76.0
759,The Amazing Spider-Man 2,2014,6.6,53,380993,66.0
760,The Maze Runner,2014,6.8,57,380572,68.0
761,Fury,2014,7.6,64,374610,76.0
762,The Hunger Games: Mockingjay - Part 1,2014,6.7,64,371840,67.0
763,Big Hero 6,2014,7.8,74,360441,78.0
764,The Theory of Everything,2014,7.7,72,352366,77.0
765,Godzilla,2014,6.4,62,342003,64.0
766,22 Jump Street,2014,7.0,71,313884,70.0
767,Boyhood,2014,7.9,100,312102,79.0
768,The Fault in Our Stars,2014,7.7,69,309125,77.0
769,Maleficent,2014,7.0,56,299648,70.0
770,The Lego Movie,2014,7.8,83,296822,78.0
771,The Equalizer,2014,7.2,57,295099,72.0
772,The Interview,2014,6.5,52,283203,65.0
773,Transformers: Age of Extinction,2014,5.7,32,279891,57.0
774,How to Train Your Dragon 2,2014,7.8,76,267510,78.0
775,Neighbors,2014,6.3,68,261764,63.0
776,300: Rise of an Empire,2014,6.2,48,259100,62.0
777,Non-Stop,2014,7.0,56,231725,70.0
778,Noah,2014,5.8,68,226480,58.0
779,Predestination,2014,7.5,69,220872,75.0
780,RoboCop,2014,6.2,52,203483,62.0
781,Transcendence,2014,6.3,42,202075,63.0
782,Teenage Mutant Ninja Turtles,2014,5.8,31,190561,58.0
783,It Follows,2014,6.8,83,177686,68.0
784,Chef,2014,7.3,68,170468,73.0
785,Interstellar,2014,8.6,74,1260178,86.0
786,Guardians of the Galaxy,2014,8.1,76,909491,81.0
787,Gone Girl,2014,8.1,79,744839,81.0
788,Captain America: The Winter Soldier,2014,7.8,70,637435,78.0
789,The Grand Budapest Hotel,2014,8.1,88,620793,81.0
790,X-Men: Days of Future Past,2014,8.0,75,607538,80.0
791,The Imitation Game,2014,8.0,73,606173,80.0
792,Whiplash,2014,8.5,88,596604,85.0
793,Edge of Tomorrow,2014,7.9,71,536230,79.0
794,Kingsman: The Secret Service,2014,7.7,60,533512,77.0
795,Birdman or (The Unexpected Virtue of Ignorance),2014,7.7,88,507863,77.0
796,The Hobbit: The Battle of the Five Armies,2014,7.4,59,431173,74.0
797,John Wick,2014,7.3,68,418218,73.0
798,Ex Machina,2014,7.7,78,413878,77.0
799,Lucy,2014,6.4,61,395561,64.0
800,Nightcrawler,2014,7.9,76,394875,79.0
801,American Sniper,2014,7.3,72,394677,73.0
802,Divergent,2014,6.7,48,394426,67.0
803,Dawn of the Planet of the Apes,2014,7.6,79,384705,76.0
804,The Amazing Spider-Man 2,2014,6.6,53,380993,66.0
805,The Maze Runner,2014,6.8,57,380572,68.0
806,Fury,2014,7.6,64,374610,76.0
807,The Hunger Games: Mockingjay - Part 1,2014,6.7,64,371840,67.0
808,Big Hero 6,2014,7.8,74,360441,78.0
809,The Theory of Everything,2014,7.7,72,352366,77.0
810,Godzilla,2014,6.4,62,342003,64.0
811,22 Jump Street,2014,7.0,71,313884,70.0
812,Boyhood,2014,7.9,100,312102,79.0
813,The Fault in Our Stars,2014,7.7,69,309125,77.0
814,Maleficent,2014,7.0,56,299648,70.0
815,The Lego Movie,2014,7.8,83,296822,78.0
816,The Equalizer,2014,7.2,57,295099,72.0
817,The Interview,2014,6.5,52,283203,65.0
818,Transformers: Age of Extinction,2014,5.7,32,279891,57.0
819,How to Train Your Dragon 2,2014,7.8,76,267510,78.0
820,Neighbors,2014,6.3,68,261764,63.0
821,300: Rise of an Empire,2014,6.2,48,259100,62.0
822,Non-Stop,2014,7.0,56,231725,70.0
823,Noah,2014,5.8,68,226480,58.0
824,Predestination,2014,7.5,69,220872,75.0
825,RoboCop,2014,6.2,52,203483,62.0
826,Transcendence,2014,6.3,42,202075,63.0
827,Teenage Mutant Ninja Turtles,2014,5.8,31,190561,58.0
828,It Follows,2014,6.8,83,177686,68.0
829,Chef,2014,7.3,68,170468,73.0
830,Interstellar,2014,8.6,74,1260178,86.0
831,Guardians of the Galaxy,2014,8.1,76,909491,81.0
832,Gone Girl,2014,8.1,79,744839,81.0
833,Captain America: The Winter Soldier,2014,7.8,70,637435,78.0
834,The Grand Budapest Hotel,2014,8.1,88,620793,81.0
835,X-Men: Days of Future Past,2014,8.0,75,607538,80.0
836,The Imitation Game,2014,8.0,73,606173,80.0
837,Whiplash,2014,8.5,88,596604,85.0
838,Edge of Tomorrow,2014,7.9,71,536230,79.0
839,Kingsman: The Secret Service,2014,7.7,60,533512,77.0
840,Birdman or (The Unexpected Virtue of Ignorance),2014,7.7,88,507863,77.0
841,The Hobbit: The Battle of the Five Armies,2014,7.4,59,431173,74.0
842,John Wick,2014,7.3,68,418218,73.0
843,Ex Machina,2014,7.7,78,413878,77.0
844,Lucy,2014,6.4,61,395561,64.0
845,Nightcrawler,2014,7.9,76,394875,79.0
846,American Sniper,2014,7.3,72,394677,73.0
847,Divergent,2014,6.7,48,394426,67.0
848,Dawn of the Planet of the Apes,2014,7.6,79,384705,76.0
849,The Amazing Spider-Man 2,2014,6.6,53,380993,66.0
850,The Maze Runner,2014,6.8,57,380572,68.0
851,Fury,2014,7.6,64,374610,76.0
852,The Hunger Games: Mockingjay - Part 1,2014,6.7,64,371840,67.0
853,Big Hero 6,2014,7.8,74,360441,78.0
854,The Theory of Everything,2014,7.7,72,352366,77.0
855,Godzilla,2014,6.4,62,342003,64.0
856,22 Jump Street,2014,7.0,71,313884,70.0
857,Boyhood,2014,7.9,100,312102,79.0
858,The Fault in Our Stars,2014,7.7,69,309125,77.0
859,Maleficent,2014,7.0,56,299648,70.0
860,The Lego Movie,2014,7.8,83,296822,78.0
861,The Equalizer,2014,7.2,57,295099,72.0
862,The Interview,2014,6.5,52,283203,65.0
863,Transformers: Age of Extinction,2014,5.7,32,279891,57.0
864,How to Train Your Dragon 2,2014,7.8,76,267510,78.0
865,Neighbors,2014,6.3,68,261764,63.0
866,300: Rise of an Empire,2014,6.2,48,259100,62.0
867,Non-Stop,2014,7.0,56,231725,70.0
868,Noah,2014,5.8,68,226480,58.0
869,Predestination,2014,7.5,69,220872,75.0
870,RoboCop,2014,6.2,52,203483,62.0
871,Transcendence,2014,6.3,42,202075,63.0
872,Teenage Mutant Ninja Turtles,2014,5.8,31,190561,58.0
873,It Follows,2014,6.8,83,177686,68.0
874,Chef,2014,7.3,68,170468,73.0
875,Interstellar,2014,8.6,74,1260178,86.0
876,Guardians of the Galaxy,2014,8.1,76,909491,81.0
877,Gone Girl,2014,8.1,79,744839,81.0
878,Captain America: The Winter Soldier,2014,7.8,70,637435,78.0
879,The Grand Budapest Hotel,2014,8.1,88,620793,81.0
880,X-Men: Days of Future Past,2014,8.0,75,607538,80.0
881,The Imitation Game,2014,8.0,73,606173,80.0
882,Whiplash,2014,8.5,88,596604,85.0
883,Edge of Tomorrow,2014,7.9,71,536230,79.0
884,Kingsman: The Secret Service,2014,7.7,60,533512,77.0
885,Birdman or (The Unexpected Virtue of Ignorance),2014,7.7,88,507863,77.0
886,The Hobbit: The Battle of the Five Armies,2014,7.4,59,431173,74.0
887,John Wick,2014,7.3,68,418218,73.0
888,Ex Machina,2014,7.7,78,413878,77.0
889,Lucy,2014,6.4,61,395561,64.0
890,Nightcrawler,2014,7.9,76,394875,79.0
891,American Sniper,2014,7.3,72,394677,73.0
892,Divergent,2014,6.7,48,394426,67.0
893,Dawn of the Planet of the Apes,2014,7.6,79,384705,76.0
894,The Amazing Spider-Man 2,2014,6.6,53,380993,66.0
895,The Maze Runner,2014,6.8,57,380572,68.0
896,Fury,2014,7.6,64,374610,76.0
897,The Hunger Games: Mockingjay - Part 1,2014,6.7,64,371840,67.0
898,Big Hero 6,2014,7.8,74,360441,78.0
899,The Theory of Everything,2014,7.7,72,352366,77.0
900,Godzilla,2014,6.4,62,342003,64.0
901,22 Jump Street,2014,7.0,71,313884,70.0
902,Boyhood,2014,7.9,100,312102,79.0
903,The Fault in Our Stars,2014,7.7,69,309125,77.0
904,Maleficent,2014,7.0,56,299648,70.0
905,The Lego Movie,2014,7.8,83,296822,78.0
906,The Equalizer,2014,7.2,57,295099,72.0
907,The Interview,2014,6.5,52,283203,65.0
908,Transformers: Age of Extinction,2014,5.7,32,279891,57.0
909,How to Train Your Dragon 2,2014,7.8,76,267510,78.0
910,Neighbors,2014,6.3,68,261764,63.0
911,300: Rise of an Empire,2014,6.2,48,259100,62.0
912,Non-Stop,2014,7.0,56,231725,70.0
913,Noah,2014,5.8,68,226480,58.0
914,Predestination,2014,7.5,69,220872,75.0
915,RoboCop,2014,6.2,52,203483,62.0
916,Transcendence,2014,6.3,42,202075,63.0
917,Teenage Mutant Ninja Turtles,2014,5.8,31,190561,58.0
918,It Follows,2014,6.8,83,177686,68.0
919,Chef,2014,7.3,68,170468,73.0
920,Star Wars: Episode VII - The Force Awakens,2015,8.0,81,771423,80.0
921,Mad Max: Fury Road,2015,8.1,90,761856,81.0
922,The Martian,2015,8.0,80,661549,80.0
923,Avengers: Age of Ultron,2015,7.4,66,630202,74.0
924,The Revenant,2015,8.0,76,602477,80.0
925,Jurassic World,2015,7.0,59,529106,70.0
926,Inside Out,2015,8.2,94,520847,82.0
927,Ant-Man,2015,7.3,64,473856,73.0
928,The Hateful Eight,2015,7.8,68,420700,78.0
929,Spotlight,2015,8.1,93,354389,81.0
930,Spectre,2015,6.8,60,346864,68.0
931,Furious 7,2015,7.2,67,330634,72.0
932,Sicario,2015,7.6,82,320261,76.0
933,Mission: Impossible - Rogue Nation,2015,7.4,75,305140,74.0
934,Room,2015,8.2,86,304092,82.0
935,The Big Short,2015,7.8,81,300718,78.0
936,Fifty Shades of Grey,2015,4.1,46,274536,41.0
937,Bridge of Spies,2015,7.6,81,258279,76.0
938,The Hunger Games: Mockingjay - Part 2,2015,6.6,65,244921,66.0
939,The Man from U.N.C.L.E.,2015,7.3,56,235879,73.0
940,Terminator Genisys,2015,6.4,38,229728,64.0
941,Creed,2015,7.6,82,216168,76.0
942,Spy,2015,7.0,75,210922,70.0
943,Chappie,2015,6.8,41,210578,68.0
944,Maze Runner: The Scorch Trials,2015,6.3,43,196515,63.0
945,Southpaw,2015,7.4,57,196268,74.0
946,Insurgent,2015,6.2,42,195908,62.0
947,Minions,2015,6.4,56,189476,64.0
948,San Andreas,2015,6.1,43,188621,61.0
949,Focus,2015,6.6,56,188547,66.0
950,The Intern,2015,7.1,51,187584,71.0
951,Everest,2015,7.1,64,178261,71.0
952,The Lobster,2015,7.1,82,173862,71.0
953,Jupiter Ascending,2015,5.3,40,164155,53.0
954,Straight Outta Compton,2015,7.9,72,162665,79.0
955,Ted 2,2015,6.3,48,161732,63.0
956,Tomorrowland,2015,6.4,60,159378,64.0
957,Black Mass,2015,6.9,68,153618,69.0
958,The Witch,2015,6.8,83,147873,68.0
959,The Danish Girl,2015,7.1,66,143138,71.0
960,Cinderella,2015,6.9,67,138928,69.0
961,Fantastic Four,2015,4.3,27,137778,43.0
962,Steve Jobs,2015,7.2,82,136188,72.0
963,The Age of Adaline,2015,7.2,51,135642,72.0
964,Legend,2015,7.0,55,135488,70.0
965,Star Wars: Episode VII - The Force Awakens,2015,8.0,81,771423,80.0
966,Mad Max: Fury Road,2015,8.1,90,761856,81.0
967,The Martian,2015,8.0,80,661549,80.0
968,Avengers: Age of Ultron,2015,7.4,66,630202,74.0
969,The Revenant,2015,8.0,76,602477,80.0
970,Jurassic World,2015,7.0,59,529106,70.0
971,Inside Out,2015,8.2,94,520847,82.0
972,Ant-Man,2015,7.3,64,473856,73.0
973,The Hateful Eight,2015,7.8,68,420700,78.0
974,Spotlight,2015,8.1,93,354389,81.0
975,Spectre,2015,6.8,60,346864,68.0
976,Furious 7,2015,7.2,67,330634,72.0
977,Sicario,2015,7.6,82,320261,76.0
978,Mission: Impossible - Rogue Nation,2015,7.4,75,305140,74.0
979,Room,2015,8.2,86,304092,82.0
980,The Big Short,2015,7.8,81,300718,78.0
981,Fifty Shades of Grey,2015,4.1,46,274536,41.0
982,Bridge of Spies,2015,7.6,81,258279,76.0
983,The Hunger Games: Mockingjay - Part 2,2015,6.6,65,244921,66.0
984,The Man from U.N.C.L.E.,2015,7.3,56,235879,73.0
985,Terminator Genisys,2015,6.4,38,229728,64.0
986,Creed,2015,7.6,82,216168,76.0
987,Spy,2015,7.0,75,210922,70.0
988,Chappie,2015,6.8,41,210578,68.0
989,Maze Runner: The Scorch Trials,2015,6.3,43,196515,63.0
990,Southpaw,2015,7.4,57,196268,74.0
991,Insurgent,2015,6.2,42,195908,62.0
992,Minions,2015,6.4,56,189476,64.0
993,San Andreas,2015,6.1,43,188621,61.0
994,Focus,2015,6.6,56,188547,66.0
995,The Intern,2015,7.1,51,187584,71.0
996,Everest,2015,7.1,64,178261,71.0
997,The Lobster,2015,7.1,82,173862,71.0
998,Jupiter Ascending,2015,5.3,40,164155,53.0
999,Straight Outta Compton,2015,7.9,72,162665,79.0
1000,Ted 2,2015,6.3,48,161732,63.0
1001,Tomorrowland,2015,6.4,60,159378,64.0
1002,Black Mass,2015,6.9,68,153618,69.0
1003,The Witch,2015,6.8,83,147873,68.0
1004,The Danish Girl,2015,7.1,66,143138,71.0
1005,Cinderella,2015,6.9,67,138928,69.0
1006,Fantastic Four,2015,4.3,27,137778,43.0
1007,Steve Jobs,2015,7.2,82,136188,72.0
1008,The Age of Adaline,2015,7.2,51,135642,72.0
1009,Legend,2015,7.0,55,135488,70.0
1010,Star Wars: Episode VII - The Force Awakens,2015,8.0,81,771423,80.0
1011,Mad Max: Fury Road,2015,8.1,90,761856,81.0
1012,The Martian,2015,8.0,80,661549,80.0
1013,Avengers: Age of Ultron,2015,7.4,66,630202,74.0
1014,The Revenant,2015,8.0,76,602477,80.0
1015,Jurassic World,2015,7.0,59,529106,70.0
1016,Inside Out,2015,8.2,94,520847,82.0
1017,Ant-Man,2015,7.3,64,473856,73.0
1018,The Hateful Eight,2015,7.8,68,420700,78.0
1019,Spotlight,2015,8.1,93,354389,81.0
1020,Spectre,2015,6.8,60,346864,68.0
1021,Furious 7,2015,7.2,67,330634,72.0
1022,Sicario,2015,7.6,82,320261,76.0
1023,Mission: Impossible - Rogue Nation,2015,7.4,75,305140,74.0
1024,Room,2015,8.2,86,304092,82.0
1025,The Big Short,2015,7.8,81,300718,78.0
1026,Fifty Shades of Grey,2015,4.1,46,274536,41.0
1027,Bridge of Spies,2015,7.6,81,258279,76.0
1028,The Hunger Games: Mockingjay - Part 2,2015,6.6,65,244921,66.0
1029,The Man from U.N.C.L.E.,2015,7.3,56,235879,73.0
1030,Terminator Genisys,2015,6.4,38,229728,64.0
1031,Creed,2015,7.6,82,216168,76.0
1032,Spy,2015,7.0,75,210922,70.0
1033,Chappie,2015,6.8,41,210578,68.0
1034,Maze Runner: The Scorch Trials,2015,6.3,43,196515,63.0
1035,Southpaw,2015,7.4,57,196268,74.0
1036,Insurgent,2015,6.2,42,195908,62.0
1037,Minions,2015,6.4,56,189476,64.0
1038,San Andreas,2015,6.1,43,188621,61.0
1039,Focus,2015,6.6,56,188547,66.0
1040,The Intern,2015,7.1,51,187584,71.0
1041,Everest,2015,7.1,64,178261,71.0
1042,The Lobster,2015,7.1,82,173862,71.0
1043,Jupiter Ascending,2015,5.3,40,164155,53.0
1044,Straight Outta Compton,2015,7.9,72,162665,79.0
1045,Ted 2,2015,6.3,48,161732,63.0
1046,Tomorrowland,2015,6.4,60,159378,64.0
1047,Black Mass,2015,6.9,68,153618,69.0
1048,The Witch,2015,6.8,83,147873,68.0
1049,The Danish Girl,2015,7.1,66,143138,71.0
1050,Cinderella,2015,6.9,67,138928,69.0
1051,Fantastic Four,2015,4.3,27,137778,43.0
1052,Steve Jobs,2015,7.2,82,136188,72.0
1053,The Age of Adaline,2015,7.2,51,135642,72.0
1054,Legend,2015,7.0,55,135488,70.0
1055,Star Wars: Episode VII - The Force Awakens,2015,8.0,81,771423,80.0
1056,Mad Max: Fury Road,2015,8.1,90,761856,81.0
1057,The Martian,2015,8.0,80,661549,80.0
1058,Avengers: Age of Ultron,2015,7.4,66,630202,74.0
1059,The Revenant,2015,8.0,76,602477,80.0
1060,Jurassic World,2015,7.0,59,529106,70.0
1061,Inside Out,2015,8.2,94,520847,82.0
1062,Ant-Man,2015,7.3,64,473856,73.0
1063,The Hateful Eight,2015,7.8,68,420700,78.0
1064,Spotlight,2015,8.1,93,354389,81.0
1065,Spectre,2015,6.8,60,346864,68.0
1066,Furious 7,2015,7.2,67,330634,72.0
1067,Sicario,2015,7.6,82,320261,76.0
1068,Mission: Impossible - Rogue Nation,2015,7.4,75,305140,74.0
1069,Room,2015,8.2,86,304092,82.0
1070,The Big Short,2015,7.8,81,300718,78.0
1071,Fifty Shades of Grey,2015,4.1,46,274536,41.0
1072,Bridge of Spies,2015,7.6,81,258279,76.0
1073,The Hunger Games: Mockingjay - Part 2,2015,6.6,65,244921,66.0
1074,The Man from U.N.C.L.E.,2015,7.3,56,235879,73.0
1075,Terminator Genisys,2015,6.4,38,229728,64.0
1076,Creed,2015,7.6,82,216168,76.0
1077,Spy,2015,7.0,75,210922,70.0
1078,Chappie,2015,6.8,41,210578,68.0
1079,Maze Runner: The Scorch Trials,2015,6.3,43,196515,63.0
1080,Southpaw,2015,7.4,57,196268,74.0
1081,Insurgent,2015,6.2,42,195908,62.0
1082,Minions,2015,6.4,56,189476,64.0
1083,San Andreas,2015,6.1,43,188621,61.0
1084,Focus,2015,6.6,56,188547,66.0
1085,The Intern,2015,7.1,51,187584,71.0
1086,Everest,2015,7.1,64,178261,71.0
1087,The Lobster,2015,7.1,82,173862,71.0
1088,Jupiter Ascending,2015,5.3,40,164155,53.0
1089,Straight Outta Compton,2015,7.9,72,162665,79.0
1090,Ted 2,2015,6.3,48,161732,63.0
1091,Tomorrowland,2015,6.4,60,159378,64.0
1092,Black Mass,2015,6.9,68,153618,69.0
1093,The Witch,2015,6.8,83,147873,68.0
1094,The Danish Girl,2015,7.1,66,143138,71.0
1095,Cinderella,2015,6.9,67,138928,69.0
1096,Fantastic Four,2015,4.3,27,137778,43.0
1097,Steve Jobs,2015,7.2,82,136188,72.0
1098,The Age of Adaline,2015,7.2,51,135642,72.0
1099,Legend,2015,7.0,55,135488,70.0
1100,Deadpool,2016,8.0,65,796829,80.0
1101,Batman v Superman: Dawn of Justice,2016,6.5,44,563693,65.0
1102,Captain America: Civil War,2016,7.8,75,549499,78.0
1103,Suicide Squad,2016,6.1,40,515981,61.0
1104,Arrival,2016,7.9,81,496411,79.0
1105,Doctor Strange,2016,7.5,72,480681,75.0
1106,Rogue One: A Star Wars Story,2016,7.8,65,463584,78.0
1107,La La Land,2016,8.0,93,419646,80.0
1108,Zootopia,2016,8.0,78,371352,80.0
1109,Hacksaw Ridge,2016,8.1,71,353791,81.0
1110,Fantastic Beasts and Where to Find Them,2016,7.3,66,351727,73.0
1111,X-Men: Apocalypse,2016,7.0,52,343094,70.0
1112,Split,2016,7.3,62,332038,73.0
1113,Passengers,2016,7.0,41,301409,70.0
1114,10 Cloverfield Lane,2016,7.2,76,254881,72.0
1115,The Jungle Book,2016,7.4,77,237140,74.0
1116,The Nice Guys,2016,7.4,70,232887,74.0
1117,The Accountant,2016,7.3,51,227726,73.0
1118,Warcraft: The Beginning,2016,6.9,32,221625,69.0
1119,Moonlight,2016,7.4,99,218088,74.0
1120,Moana,2016,7.6,81,215895,76.0
1121,Now You See Me 2,2016,6.5,46,208664,65.0
1122,Manchester by the Sea,2016,7.8,96,208056,78.0
1123,Finding Dory,2016,7.3,77,207762,73.0
1124,Star Trek Beyond,2016,7.1,68,205814,71.0
1125,Nocturnal Animals,2016,7.5,67,199092,75.0
1126,Sully,2016,7.5,74,196000,75.0
1127,The Conjuring 2,2016,7.4,65,187616,74.0
1128,Jason Bourne,2016,6.6,58,186823,66.0
1129,Ghostbusters,2016,5.2,60,183043,52.0
1130,Don't Breathe,2016,7.1,71,180899,71.0
1131,Lion,2016,8.1,69,175149,81.0
1132,Hell or High Water,2016,7.6,88,170151,76.0
1133,Me Before You,2016,7.4,51,165611,74.0
1134,Hidden Figures,2016,7.8,74,165141,78.0
1135,The Magnificent Seven,2016,6.9,54,164714,69.0
1136,The Promise,2016,6.1,49,163625,61.0
1137,Assassin's Creed,2016,5.8,36,162852,58.0
1138,The Secret Life of Pets,2016,6.5,61,157088,65.0
1139,Sausage Party,2016,6.2,66,155591,62.0
1140,Captain Fantastic,2016,7.9,72,153785,79.0
1141,Independence Day: Resurgence,2016,5.2,32,152085,52.0
1142,War Dogs,2016,7.1,57,149412,71.0
1143,The Legend of Tarzan,2016,6.3,44,146664,63.0
1144,The Girl on the Train,2016,6.5,48,146525,65.0
1145,Miss Peregrine's Home for Peculiar Children,2016,6.7,57,137396,67.0
1146,Inferno,2016,6.2,42,134990,62.0
1147,Deadpool,2016,8.0,65,796829,80.0
1148,Batman v Superman: Dawn of Justice,2016,6.5,44,563693,65.0
1149,Captain America: Civil War,2016,7.8,75,549499,78.0
1150,Suicide Squad,2016,6.1,40,515981,61.0
1151,Arrival,2016,7.9,81,496411,79.0
1152,Doctor Strange,2016,7.5,72,480681,75.0
1153,Rogue One: A Star Wars Story,2016,7.8,65,463584,78.0
1154,La La Land,2016,8.0,93,419646,80.0
1155,Zootopia,2016,8.0,78,371352,80.0
1156,Hacksaw Ridge,2016,8.1,71,353791,81.0
1157,Fantastic Beasts and Where to Find Them,2016,7.3,66,351727,73.0
1158,X-Men: Apocalypse,2016,7.0,52,343094,70.0
1159,Split,2016,7.3,62,332038,73.0
1160,Passengers,2016,7.0,41,301409,70.0
1161,10 Cloverfield Lane,2016,7.2,76,254881,72.0
1162,The Jungle Book,2016,7.4,77,237140,74.0
1163,The Nice Guys,2016,7.4,70,232887,74.0
1164,The Accountant,2016,7.3,51,227726,73.0
1165,Warcraft: The Beginning,2016,6.9,32,221625,69.0
1166,Moonlight,2016,7.4,99,218088,74.0
1167,Moana,2016,7.6,81,215895,76.0
1168,Now You See Me 2,2016,6.5,46,208664,65.0
1169,Manchester by the Sea,2016,7.8,96,208056,78.0
1170,Finding Dory,2016,7.3,77,207762,73.0
1171,Star Trek Beyond,2016,7.1,68,205814,71.0
1172,Nocturnal Animals,2016,7.5,67,199092,75.0
1173,Sully,2016,7.5,74,196000,75.0
1174,The Conjuring 2,2016,7.4,65,187616,74.0
1175,Jason Bourne,2016,6.6,58,186823,66.0
1176,Ghostbusters,2016,5.2,60,183043,52.0
1177,Don't Breathe,2016,7.1,71,180899,71.0
1178,Lion,2016,8.1,69,175149,81.0
1179,Hell or High Water,2016,7.6,88,170151,76.0
1180,Me Before You,2016,7.4,51,165611,74.0
1181,Hidden Figures,2016,7.8,74,165141,78.0
1182,The Magnificent Seven,2016,6.9,54,164714,69.0
1183,The Promise,2016,6.1,49,163625,61.0
1184,Assassin's Creed,2016,5.8,36,162852,58.0
1185,The Secret Life of Pets,2016,6.5,61,157088,65.0
1186,Sausage Party,2016,6.2,66,155591,62.0
1187,Captain Fantastic,2016,7.9,72,153785,79.0
1188,Independence Day: Resurgence,2016,5.2,32,152085,52.0
1189,War Dogs,2016,7.1,57,149412,71.0
1190,The Legend of Tarzan,2016,6.3,44,146664,63.0
1191,The Girl on the Train,2016,6.5,48,146525,65.0
1192,Miss Peregrine's Home for Peculiar Children,2016,6.7,57,137396,67.0
1193,Inferno,2016,6.2,42,134990,62.0
1194,Deadpool,2016,8.0,65,796829,80.0
1195,Batman v Superman: Dawn of Justice,2016,6.5,44,563693,65.0
1196,Captain America: Civil War,2016,7.8,75,549499,78.0
1197,Suicide Squad,2016,6.1,40,515981,61.0
1198,Arrival,2016,7.9,81,496411,79.0
1199,Doctor Strange,2016,7.5,72,480681,75.0
1200,Rogue One: A Star Wars Story,2016,7.8,65,463584,78.0
1201,La La Land,2016,8.0,93,419646,80.0
1202,Zootopia,2016,8.0,78,371352,80.0
1203,Hacksaw Ridge,2016,8.1,71,353791,81.0
1204,Fantastic Beasts and Where to Find Them,2016,7.3,66,351727,73.0
1205,X-Men: Apocalypse,2016,7.0,52,343094,70.0
1206,Split,2016,7.3,62,332038,73.0
1207,Passengers,2016,7.0,41,301409,70.0
1208,10 Cloverfield Lane,2016,7.2,76,254881,72.0
1209,The Jungle Book,2016,7.4,77,237140,74.0
1210,The Nice Guys,2016,7.4,70,232887,74.0
1211,The Accountant,2016,7.3,51,227726,73.0
1212,Warcraft: The Beginning,2016,6.9,32,221625,69.0
1213,Moonlight,2016,7.4,99,218088,74.0
1214,Moana,2016,7.6,81,215895,76.0
1215,Now You See Me 2,2016,6.5,46,208664,65.0
1216,Manchester by the Sea,2016,7.8,96,208056,78.0
1217,Finding Dory,2016,7.3,77,207762,73.0
1218,Star Trek Beyond,2016,7.1,68,205814,71.0
1219,Nocturnal Animals,2016,7.5,67,199092,75.0
1220,Sully,2016,7.5,74,196000,75.0
1221,The Conjuring 2,2016,7.4,65,187616,74.0
1222,Jason Bourne,2016,6.6,58,186823,66.0
1223,Ghostbusters,2016,5.2,60,183043,52.0
1224,Don't Breathe,2016,7.1,71,180899,71.0
1225,Lion,2016,8.1,69,175149,81.0
1226,Hell or High Water,2016,7.6,88,170151,76.0
1227,Me Before You,2016,7.4,51,165611,74.0
1228,Hidden Figures,2016,7.8,74,165141,78.0
1229,The Magnificent Seven,2016,6.9,54,164714,69.0
1230,The Promise,2016,6.1,49,163625,61.0
1231,Assassin's Creed,2016,5.8,36,162852,58.0
1232,The Secret Life of Pets,2016,6.5,61,157088,65.0
1233,Sausage Party,2016,6.2,66,155591,62.0
1234,Captain Fantastic,2016,7.9,72,153785,79.0
1235,Independence Day: Resurgence,2016,5.2,32,152085,52.0
1236,War Dogs,2016,7.1,57,149412,71.0
1237,The Legend of Tarzan,2016,6.3,44,146664,63.0
1238,The Girl on the Train,2016,6.5,48,146525,65.0
1239,Miss Peregrine's Home for Peculiar Children,2016,6.7,57,137396,67.0
1240,Inferno,2016,6.2,42,134990,62.0
1241,Deadpool,2016,8.0,65,796829,80.0
1242,Batman v Superman: Dawn of Justice,2016,6.5,44,563693,65.0
1243,Captain America: Civil War,2016,7.8,75,549499,78.0
1244,Suicide Squad,2016,6.1,40,515981,61.0
1245,Arrival,2016,7.9,81,496411,79.0
1246,Doctor Strange,2016,7.5,72,480681,75.0
1247,Rogue One: A Star Wars Story,2016,7.8,65,463584,78.0
1248,La La Land,2016,8.0,93,419646,80.0
1249,Zootopia,2016,8.0,78,371352,80.0
1250,Hacksaw Ridge,2016,8.1,71,353791,81.0
1251,Fantastic Beasts and Where to Find Them,2016,7.3,66,351727,73.0
1252,X-Men: Apocalypse,2016,7.0,52,343094,70.0
1253,Split,2016,7.3,62,332038,73.0
1254,Passengers,2016,7.0,41,301409,70.0
1255,10 Cloverfield Lane,2016,7.2,76,254881,72.0
1256,The Jungle Book,2016,7.4,77,237140,74.0
1257,The Nice Guys,2016,7.4,70,232887,74.0
1258,The Accountant,2016,7.3,51,227726,73.0
1259,Warcraft: The Beginning,2016,6.9,32,221625,69.0
1260,Moonlight,2016,7.4,99,218088,74.0
1261,Moana,2016,7.6,81,215895,76.0
1262,Now You See Me 2,2016,6.5,46,208664,65.0
1263,Manchester by the Sea,2016,7.8,96,208056,78.0
1264,Finding Dory,2016,7.3,77,207762,73.0
1265,Star Trek Beyond,2016,7.1,68,205814,71.0
1266,Nocturnal Animals,2016,7.5,67,199092,75.0
1267,Sully,2016,7.5,74,196000,75.0
1268,The Conjuring 2,2016,7.4,65,187616,74.0
1269,Jason Bourne,2016,6.6,58,186823,66.0
1270,Ghostbusters,2016,5.2,60,183043,52.0
1271,Don't Breathe,2016,7.1,71,180899,71.0
1272,Lion,2016,8.1,69,175149,81.0
1273,Hell or High Water,2016,7.6,88,170151,76.0
1274,Me Before You,2016,7.4,51,165611,74.0
1275,Hidden Figures,2016,7.8,74,165141,78.0
1276,The Magnificent Seven,2016,6.9,54,164714,69.0
1277,The Promise,2016,6.1,49,163625,61.0
1278,Assassin's Creed,2016,5.8,36,162852,58.0
1279,The Secret Life of Pets,2016,6.5,61,157088,65.0
1280,Sausage Party,2016,6.2,66,155591,62.0
1281,Captain Fantastic,2016,7.9,72,153785,79.0
1282,Independence Day: Resurgence,2016,5.2,32,152085,52.0
1283,War Dogs,2016,7.1,57,149412,71.0
1284,The Legend of Tarzan,2016,6.3,44,146664,63.0
1285,The Girl on the Train,2016,6.5,48,146525,65.0
1286,Miss Peregrine's Home for Peculiar Children,2016,6.7,57,137396,67.0
1287,Inferno,2016,6.2,42,134990,62.0
1288,Logan,2017,8.1,77,536592,81.0
1289,Wonder Woman,2017,7.5,76,465846,75.0
1290,Dunkirk,2017,7.9,94,448145,79.0
1291,Guardians of the Galaxy Vol. 2,2017,7.7,67,445787,77.0
1292,Star Wars: Episode VIII - The Last Jedi,2017,7.2,85,444673,72.0
1293,Thor: Ragnarok,2017,7.9,74,432482,79.0
1294,Spider-Man: Homecoming,2017,7.5,73,391538,75.0
1295,Get Out,2017,7.7,84,367958,77.0
1296,Blade Runner 2049,2017,8.0,81,361924,80.0
1297,Baby Driver,2017,7.6,86,347028,76.0
1298,It,2017,7.4,69,337559,74.0
1299,"Three Billboards Outside Ebbing, Missouri",2017,8.2,88,321785,82.0
1300,Justice League,2017,6.5,45,313060,65.0
1301,The Shape of Water,2017,7.3,87,288998,73.0
1302,John Wick: Chapter 2,2017,7.5,75,261092,75.0
1303,Coco,2017,8.4,81,256973,84.0
1304,Jumanji: Welcome to the Jungle,2017,7.0,58,230274,70.0
1305,Beauty and the Beast,2017,7.2,65,229129,72.0
1306,Kong: Skull Island,2017,6.6,62,227031,66.0
1307,Kingsman: The Golden Circle,2017,6.8,44,220155,68.0
1308,Alien: Covenant,2017,6.4,65,219603,64.0
1309,Pirates of the Caribbean: Dead Men Tell No Tales,2017,6.6,39,219411,66.0
1310,War for the Planet of the Apes,2017,7.5,82,194833,75.0
1311,The Greatest Showman,2017,7.6,48,188760,76.0
1312,The Fate of the Furious,2017,6.7,56,174349,67.0
1313,Life,2017,6.6,54,174137,66.0
1314,Murder on the Orient Express,2017,6.5,52,172009,65.0
1315,Ghost in the Shell,2017,6.4,52,169702,64.0
1316,Lady Bird,2017,7.4,94,167034,74.0
1317,King Arthur: Legend of the Sword,2017,6.8,41,162961,68.0
1318,Wind River,2017,7.7,73,160980,77.0
1319,The Hitman's Bodyguard,2017,6.9,47,155539,69.0
1320,Mother!,2017,6.6,75,148370,66.0
1321,The Mummy,2017,5.5,34,148103,55.0
1322,Atomic Blonde,2017,6.7,63,144255,67.0
1323,Call Me by Your Name,2017,7.9,93,144024,79.0
1324,Bright,2017,6.4,29,143302,64.0
1325,Valerian and the City of a Thousand Planets,2017,6.5,51,134808,65.0
1326,"I, Tonya",2017,7.5,77,131868,75.0
1327,Darkest Hour,2017,7.4,75,129492,74.0
1328,Baywatch,2017,5.6,37,128131,56.0
1329,American Made,2017,7.2,65,124810,72.0
1330,Transformers: The Last Knight,2017,5.2,27,113918,52.0
1331,The Lego Batman Movie,2017,7.3,75,111193,73.0
1332,The Disaster Artist,2017,7.4,76,106238,74.0
1333,Logan,2017,8.1,77,536592,81.0
1334,Wonder Woman,2017,7.5,76,465846,75.0
1335,Dunkirk,2017,7.9,94,448145,79.0
1336,Guardians of the Galaxy Vol. 2,2017,7.7,67,445787,77.0
1337,Star Wars: Episode VIII - The Last Jedi,2017,7.2,85,444673,72.0
1338,Thor: Ragnarok,2017,7.9,74,432482,79.0
1339,Spider-Man: Homecoming,2017,7.5,73,391538,75.0
1340,Get Out,2017,7.7,84,367958,77.0
1341,Blade Runner 2049,2017,8.0,81,361924,80.0
1342,Baby Driver,2017,7.6,86,347028,76.0
1343,It,2017,7.4,69,337559,74.0
1344,"Three Billboards Outside Ebbing, Missouri",2017,8.2,88,321785,82.0
1345,Justice League,2017,6.5,45,313060,65.0
1346,The Shape of Water,2017,7.3,87,288998,73.0
1347,John Wick: Chapter 2,2017,7.5,75,261092,75.0
1348,Coco,2017,8.4,81,256973,84.0
1349,Jumanji: Welcome to the Jungle,2017,7.0,58,230274,70.0
1350,Beauty and the Beast,2017,7.2,65,229129,72.0
1351,Kong: Skull Island,2017,6.6,62,227031,66.0
1352,Kingsman: The Golden Circle,2017,6.8,44,220155,68.0
1353,Alien: Covenant,2017,6.4,65,219603,64.0
1354,Pirates of the Caribbean: Dead Men Tell No Tales,2017,6.6,39,219411,66.0
1355,War for the Planet of the Apes,2017,7.5,82,194833,75.0
1356,The Greatest Showman,2017,7.6,48,188760,76.0
1357,The Fate of the Furious,2017,6.7,56,174349,67.0
1358,Life,2017,6.6,54,174137,66.0
1359,Murder on the Orient Express,2017,6.5,52,172009,65.0
1360,Ghost in the Shell,2017,6.4,52,169702,64.0
1361,Lady Bird,2017,7.4,94,167034,74.0
1362,King Arthur: Legend of the Sword,2017,6.8,41,162961,68.0
1363,Wind River,2017,7.7,73,160980,77.0
1364,The Hitman's Bodyguard,2017,6.9,47,155539,69.0
1365,Mother!,2017,6.6,75,148370,66.0
1366,The Mummy,2017,5.5,34,148103,55.0
1367,Atomic Blonde,2017,6.7,63,144255,67.0
1368,Call Me by Your Name,2017,7.9,93,144024,79.0
1369,Bright,2017,6.4,29,143302,64.0
1370,Valerian and the City of a Thousand Planets,2017,6.5,51,134808,65.0
1371,"I, Tonya",2017,7.5,77,131868,75.0
1372,Darkest Hour,2017,7.4,75,129492,74.0
1373,Baywatch,2017,5.6,37,128131,56.0
1374,American Made,2017,7.2,65,124810,72.0
1375,Transformers: The Last Knight,2017,5.2,27,113918,52.0
1376,The Lego Batman Movie,2017,7.3,75,111193,73.0
1377,The Disaster Artist,2017,7.4,76,106238,74.0
1378,Logan,2017,8.1,77,536592,81.0
1379,Wonder Woman,2017,7.5,76,465846,75.0
1380,Dunkirk,2017,7.9,94,448145,79.0
1381,Guardians of the Galaxy Vol. 2,2017,7.7,67,445787,77.0
1382,Star Wars: Episode VIII - The Last Jedi,2017,7.2,85,444673,72.0
1383,Thor: Ragnarok,2017,7.9,74,432482,79.0
1384,Spider-Man: Homecoming,2017,7.5,73,391538,75.0
1385,Get Out,2017,7.7,84,367958,77.0
1386,Blade Runner 2049,2017,8.0,81,361924,80.0
1387,Baby Driver,2017,7.6,86,347028,76.0
1388,It,2017,7.4,69,337559,74.0
1389,"Three Billboards Outside Ebbing, Missouri",2017,8.2,88,321785,82.0
1390,Justice League,2017,6.5,45,313060,65.0
1391,The Shape of Water,2017,7.3,87,288998,73.0
1392,John Wick: Chapter 2,2017,7.5,75,261092,75.0
1393,Coco,2017,8.4,81,256973,84.0
1394,Jumanji: Welcome to the Jungle,2017,7.0,58,230274,70.0
1395,Beauty and the Beast,2017,7.2,65,229129,72.0
1396,Kong: Skull Island,2017,6.6,62,227031,66.0
1397,Kingsman: The Golden Circle,2017,6.8,44,220155,68.0
1398,Alien: Covenant,2017,6.4,65,219603,64.0
1399,Pirates of the Caribbean: Dead Men Tell No Tales,2017,6.6,39,219411,66.0
1400,War for the Planet of the Apes,2017,7.5,82,194833,75.0
1401,The Greatest Showman,2017,7.6,48,188760,76.0
1402,The Fate of the Furious,2017,6.7,56,174349,67.0
1403,Life,2017,6.6,54,174137,66.0
1404,Murder on the Orient Express,2017,6.5,52,172009,65.0
1405,Ghost in the Shell,2017,6.4,52,169702,64.0
1406,Lady Bird,2017,7.4,94,167034,74.0
1407,King Arthur: Legend of the Sword,2017,6.8,41,162961,68.0
1408,Wind River,2017,7.7,73,160980,77.0
1409,The Hitman's Bodyguard,2017,6.9,47,155539,69.0
1410,Mother!,2017,6.6,75,148370,66.0
1411,The Mummy,2017,5.5,34,148103,55.0
1412,Atomic Blonde,2017,6.7,63,144255,67.0
1413,Call Me by Your Name,2017,7.9,93,144024,79.0
1414,Bright,2017,6.4,29,143302,64.0
1415,Valerian and the City of a Thousand Planets,2017,6.5,51,134808,65.0
1416,"I, Tonya",2017,7.5,77,131868,75.0
1417,Darkest Hour,2017,7.4,75,129492,74.0
1418,Baywatch,2017,5.6,37,128131,56.0
1419,American Made,2017,7.2,65,124810,72.0
1420,Transformers: The Last Knight,2017,5.2,27,113918,52.0
1421,The Lego Batman Movie,2017,7.3,75,111193,73.0
1422,The Disaster Artist,2017,7.4,76,106238,74.0
1423,Logan,2017,8.1,77,536592,81.0
1424,Wonder Woman,2017,7.5,76,465846,75.0
1425,Dunkirk,2017,7.9,94,448145,79.0
1426,Guardians of the Galaxy Vol. 2,2017,7.7,67,445787,77.0
1427,Star Wars: Episode VIII - The Last Jedi,2017,7.2,85,444673,72.0
1428,Thor: Ragnarok,2017,7.9,74,432482,79.0
1429,Spider-Man: Homecoming,2017,7.5,73,391538,75.0
1430,Get Out,2017,7.7,84,367958,77.0
1431,Blade Runner 2049,2017,8.0,81,361924,80.0
1432,Baby Driver,2017,7.6,86,347028,76.0
1433,It,2017,7.4,69,337559,74.0
1434,"Three Billboards Outside Ebbing, Missouri",2017,8.2,88,321785,82.0
1435,Justice League,2017,6.5,45,313060,65.0
1436,The Shape of Water,2017,7.3,87,288998,73.0
1437,John Wick: Chapter 2,2017,7.5,75,261092,75.0
1438,Coco,2017,8.4,81,256973,84.0
1439,Jumanji: Welcome to the Jungle,2017,7.0,58,230274,70.0
1440,Beauty and the Beast,2017,7.2,65,229129,72.0
1441,Kong: Skull Island,2017,6.6,62,227031,66.0
1442,Kingsman: The Golden Circle,2017,6.8,44,220155,68.0
1443,Alien: Covenant,2017,6.4,65,219603,64.0
1444,Pirates of the Caribbean: Dead Men Tell No Tales,2017,6.6,39,219411,66.0
1445,War for the Planet of the Apes,2017,7.5,82,194833,75.0
1446,The Greatest Showman,2017,7.6,48,188760,76.0
1447,The Fate of the Furious,2017,6.7,56,174349,67.0
1448,Life,2017,6.6,54,174137,66.0
1449,Murder on the Orient Express,2017,6.5,52,172009,65.0
1450,Ghost in the Shell,2017,6.4,52,169702,64.0
1451,Lady Bird,2017,7.4,94,167034,74.0
1452,King Arthur: Legend of the Sword,2017,6.8,41,162961,68.0
1453,Wind River,2017,7.7,73,160980,77.0
1454,The Hitman's Bodyguard,2017,6.9,47,155539,69.0
1455,Mother!,2017,6.6,75,148370,66.0
1456,The Mummy,2017,5.5,34,148103,55.0
1457,Atomic Blonde,2017,6.7,63,144255,67.0
1458,Call Me by Your Name,2017,7.9,93,144024,79.0
1459,Bright,2017,6.4,29,143302,64.0
1460,Valerian and the City of a Thousand Planets,2017,6.5,51,134808,65.0
1461,"I, Tonya",2017,7.5,77,131868,75.0
1462,Darkest Hour,2017,7.4,75,129492,74.0
1463,Baywatch,2017,5.6,37,128131,56.0
1464,American Made,2017,7.2,65,124810,72.0
1465,Transformers: The Last Knight,2017,5.2,27,113918,52.0
1466,The Lego Batman Movie,2017,7.3,75,111193,73.0
1467,The Disaster Artist,2017,7.4,76,106238,74.0
1468,Avengers: Infinity War,2018,8.5,68,585549,85.0
1469,Black Panther,2018,7.4,88,461220,74.0
1470,Deadpool 2,2018,7.8,66,347817,78.0
1471,Ready Player One,2018,7.5,64,278322,75.0
1472,A Quiet Place,2018,7.6,82,274403,76.0
1473,Bohemian Rhapsody,2018,8.2,49,249791,82.0
1474,Venom,2018,6.8,35,233030,68.0
1475,Mission: Impossible - Fallout,2018,7.8,86,214403,78.0
1476,Annihilation,2018,6.9,79,211336,69.0
1477,Solo: A Star Wars Story,2018,7.0,62,204277,70.0
1478,Jurassic World: Fallen Kingdom,2018,6.2,51,197797,62.0
1479,Ant-Man and the Wasp,2018,7.1,70,194930,71.0
1480,Bird Box,2018,6.7,51,182766,67.0
1481,A Star Is Born,2018,7.9,88,179749,79.0
1482,Incredibles 2,2018,7.8,80,176533,78.0
1483,Aquaman,2018,7.4,55,165944,74.0
1484,Tomb Raider,2018,6.3,48,153531,63.0
1485,Game Night,2018,7.0,66,149519,70.0
1486,Hereditary,2018,7.3,87,130753,73.0
1487,Red Sparrow,2018,6.6,53,127885,66.0
1488,Ocean's Eight,2018,6.2,61,127085,62.0
1489,Fantastic Beasts: The Crimes of Grindelwald,2018,6.8,52,119036,68.0
1490,BlacKkKlansman,2018,7.5,83,106260,75.0
1491,Rampage,2018,6.1,45,106122,61.0
1492,The Meg,2018,5.7,46,97501,57.0
1493,Isle of Dogs,2018,7.9,82,96472,79.0
1494,Spider-Man: Into the Spider-Verse,2018,8.7,87,95446,87.0
1495,First Man,2018,7.4,84,95153,74.0
1496,Upgrade,2018,7.6,67,90300,76.0
1497,Maze Runner: The Death Cure,2018,6.2,50,85267,62.0
1498,Pacific Rim: Uprising,2018,5.6,44,83630,56.0
1499,Sicario: Day of the Soldado,2018,7.1,61,83411,71.0
1500,The Equalizer 2,2018,6.8,50,83359,68.0
1501,The Predator,2018,5.4,48,83200,54.0
1502,Searching,2018,7.7,71,79619,77.0
1503,The Cloverfield Paradox,2018,5.6,37,79035,56.0
1504,The Nun,2018,5.4,46,78473,54.0
1505,Crazy Rich Asians,2018,7.0,74,78465,70.0
1506,The Commuter,2018,6.3,56,77052,63.0
1507,Halloween,2018,6.7,67,75568,67.0
1508,"Love, Simon",2018,7.7,72,75044,77.0
1509,Roma,2018,7.9,96,74904,79.0
1510,Tag,2018,6.6,56,71625,66.0
1511,The Ballad of Buster Scruggs,2018,7.3,79,70636,73.0
1512,Skyscraper,2018,5.9,51,70185,59.0
1513,A Simple Favor,2018,6.9,67,68333,69.0
1514,Bad Times at the El Royale,2018,7.2,60,66053,72.0
1515,Avengers: Infinity War,2018,8.5,68,585549,85.0
1516,Black Panther,2018,7.4,88,461220,74.0
1517,Deadpool 2,2018,7.8,66,347817,78.0
1518,Ready Player One,2018,7.5,64,278322,75.0
1519,A Quiet Place,2018,7.6,82,274403,76.0
1520,Bohemian Rhapsody,2018,8.2,49,249791,82.0
1521,Venom,2018,6.8,35,233030,68.0
1522,Mission: Impossible - Fallout,2018,7.8,86,214403,78.0
1523,Annihilation,2018,6.9,79,211336,69.0
1524,Solo: A Star Wars Story,2018,7.0,62,204277,70.0
1525,Jurassic World: Fallen Kingdom,2018,6.2,51,197797,62.0
1526,Ant-Man and the Wasp,2018,7.1,70,194930,71.0
1527,Bird Box,2018,6.7,51,182766,67.0
1528,A Star Is Born,2018,7.9,88,179749,79.0
1529,Incredibles 2,2018,7.8,80,176533,78.0
1530,Aquaman,2018,7.4,55,165944,74.0
1531,Tomb Raider,2018,6.3,48,153531,63.0
1532,Game Night,2018,7.0,66,149519,70.0
1533,Hereditary,2018,7.3,87,130753,73.0
1534,Red Sparrow,2018,6.6,53,127885,66.0
1535,Ocean's Eight,2018,6.2,61,127085,62.0
1536,Fantastic Beasts: The Crimes of Grindelwald,2018,6.8,52,119036,68.0
1537,BlacKkKlansman,2018,7.5,83,106260,75.0
1538,Rampage,2018,6.1,45,106122,61.0
1539,The Meg,2018,5.7,46,97501,57.0
1540,Isle of Dogs,2018,7.9,82,96472,79.0
1541,Spider-Man: Into the Spider-Verse,2018,8.7,87,95446,87.0
1542,First Man,2018,7.4,84,95153,74.0
1543,Upgrade,2018,7.6,67,90300,76.0
1544,Maze Runner: The Death Cure,2018,6.2,50,85267,62.0
1545,Pacific Rim: Uprising,2018,5.6,44,83630,56.0
1546,Sicario: Day of the Soldado,2018,7.1,61,83411,71.0
1547,The Equalizer 2,2018,6.8,50,83359,68.0
1548,The Predator,2018,5.4,48,83200,54.0
1549,Searching,2018,7.7,71,79619,77.0
1550,The Cloverfield Paradox,2018,5.6,37,79035,56.0
1551,The Nun,2018,5.4,46,78473,54.0
1552,Crazy Rich Asians,2018,7.0,74,78465,70.0
1553,The Commuter,2018,6.3,56,77052,63.0
1554,Halloween,2018,6.7,67,75568,67.0
1555,"Love, Simon",2018,7.7,72,75044,77.0
1556,Roma,2018,7.9,96,74904,79.0
1557,Tag,2018,6.6,56,71625,66.0
1558,The Ballad of Buster Scruggs,2018,7.3,79,70636,73.0
1559,Skyscraper,2018,5.9,51,70185,59.0
1560,A Simple Favor,2018,6.9,67,68333,69.0
1561,Bad Times at the El Royale,2018,7.2,60,66053,72.0
1562,Avengers: Infinity War,2018,8.5,68,585549,85.0
1563,Black Panther,2018,7.4,88,461220,74.0
1564,Deadpool 2,2018,7.8,66,347817,78.0
1565,Ready Player One,2018,7.5,64,278322,75.0
1566,A Quiet Place,2018,7.6,82,274403,76.0
1567,Bohemian Rhapsody,2018,8.2,49,249791,82.0
1568,Venom,2018,6.8,35,233030,68.0
1569,Mission: Impossible - Fallout,2018,7.8,86,214403,78.0
1570,Annihilation,2018,6.9,79,211336,69.0
1571,Solo: A Star Wars Story,2018,7.0,62,204277,70.0
1572,Jurassic World: Fallen Kingdom,2018,6.2,51,197797,62.0
1573,Ant-Man and the Wasp,2018,7.1,70,194930,71.0
1574,Bird Box,2018,6.7,51,182766,67.0
1575,A Star Is Born,2018,7.9,88,179749,79.0
1576,Incredibles 2,2018,7.8,80,176533,78.0
1577,Aquaman,2018,7.4,55,165944,74.0
1578,Tomb Raider,2018,6.3,48,153531,63.0
1579,Game Night,2018,7.0,66,149519,70.0
1580,Hereditary,2018,7.3,87,130753,73.0
1581,Red Sparrow,2018,6.6,53,127885,66.0
1582,Ocean's Eight,2018,6.2,61,127085,62.0
1583,Fantastic Beasts: The Crimes of Grindelwald,2018,6.8,52,119036,68.0
1584,BlacKkKlansman,2018,7.5,83,106260,75.0
1585,Rampage,2018,6.1,45,106122,61.0
1586,The Meg,2018,5.7,46,97501,57.0
1587,Isle of Dogs,2018,7.9,82,96472,79.0
1588,Spider-Man: Into the Spider-Verse,2018,8.7,87,95446,87.0
1589,First Man,2018,7.4,84,95153,74.0
1590,Upgrade,2018,7.6,67,90300,76.0
1591,Maze Runner: The Death Cure,2018,6.2,50,85267,62.0
1592,Pacific Rim: Uprising,2018,5.6,44,83630,56.0
1593,Sicario: Day of the Soldado,2018,7.1,61,83411,71.0
1594,The Equalizer 2,2018,6.8,50,83359,68.0
1595,The Predator,2018,5.4,48,83200,54.0
1596,Searching,2018,7.7,71,79619,77.0
1597,The Cloverfield Paradox,2018,5.6,37,79035,56.0
1598,The Nun,2018,5.4,46,78473,54.0
1599,Crazy Rich Asians,2018,7.0,74,78465,70.0
1600,The Commuter,2018,6.3,56,77052,63.0
1601,Halloween,2018,6.7,67,75568,67.0
1602,"Love, Simon",2018,7.7,72,75044,77.0
1603,Roma,2018,7.9,96,74904,79.0
1604,Tag,2018,6.6,56,71625,66.0
1605,The Ballad of Buster Scruggs,2018,7.3,79,70636,73.0
1606,Skyscraper,2018,5.9,51,70185,59.0
1607,A Simple Favor,2018,6.9,67,68333,69.0
1608,Bad Times at the El Royale,2018,7.2,60,66053,72.0
1609,Avengers: Infinity War,2018,8.5,68,585549,85.0
1610,Black Panther,2018,7.4,88,461220,74.0
1611,Deadpool 2,2018,7.8,66,347817,78.0
1612,Ready Player One,2018,7.5,64,278322,75.0
1613,A Quiet Place,2018,7.6,82,274403,76.0
1614,Bohemian Rhapsody,2018,8.2,49,249791,82.0
1615,Venom,2018,6.8,35,233030,68.0
1616,Mission: Impossible - Fallout,2018,7.8,86,214403,78.0
1617,Annihilation,2018,6.9,79,211336,69.0
1618,Solo: A Star Wars Story,2018,7.0,62,204277,70.0
1619,Jurassic World: Fallen Kingdom,2018,6.2,51,197797,62.0
1620,Ant-Man and the Wasp,2018,7.1,70,194930,71.0
1621,Bird Box,2018,6.7,51,182766,67.0
1622,A Star Is Born,2018,7.9,88,179749,79.0
1623,Incredibles 2,2018,7.8,80,176533,78.0
1624,Aquaman,2018,7.4,55,165944,74.0
1625,Tomb Raider,2018,6.3,48,153531,63.0
1626,Game Night,2018,7.0,66,149519,70.0
1627,Hereditary,2018,7.3,87,130753,73.0
1628,Red Sparrow,2018,6.6,53,127885,66.0
1629,Ocean's Eight,2018,6.2,61,127085,62.0
1630,Fantastic Beasts: The Crimes of Grindelwald,2018,6.8,52,119036,68.0
1631,BlacKkKlansman,2018,7.5,83,106260,75.0
1632,Rampage,2018,6.1,45,106122,61.0
1633,The Meg,2018,5.7,46,97501,57.0
1634,Isle of Dogs,2018,7.9,82,96472,79.0
1635,Spider-Man: Into the Spider-Verse,2018,8.7,87,95446,87.0
1636,First Man,2018,7.4,84,95153,74.0
1637,Upgrade,2018,7.6,67,90300,76.0
1638,Maze Runner: The Death Cure,2018,6.2,50,85267,62.0
1639,Pacific Rim: Uprising,2018,5.6,44,83630,56.0
1640,Sicario: Day of the Soldado,2018,7.1,61,83411,71.0
1641,The Equalizer 2,2018,6.8,50,83359,68.0
1642,The Predator,2018,5.4,48,83200,54.0
1643,Searching,2018,7.7,71,79619,77.0
1644,The Cloverfield Paradox,2018,5.6,37,79035,56.0
1645,The Nun,2018,5.4,46,78473,54.0
1646,Crazy Rich Asians,2018,7.0,74,78465,70.0
1647,The Commuter,2018,6.3,56,77052,63.0
1648,Halloween,2018,6.7,67,75568,67.0
1649,"Love, Simon",2018,7.7,72,75044,77.0
1650,Roma,2018,7.9,96,74904,79.0
1651,Tag,2018,6.6,56,71625,66.0
1652,The Ballad of Buster Scruggs,2018,7.3,79,70636,73.0
1653,Skyscraper,2018,5.9,51,70185,59.0
1654,A Simple Favor,2018,6.9,67,68333,69.0
1655,Bad Times at the El Royale,2018,7.2,60,66053,72.0
